Country/territory of the murder,City of the murder,Location of the murder,Gender identity or expression,Sex Characteristics,Sexual Orientation,Occupation,Migrant status,Nationality,Race,Age range,Disability,TDoR period (Oct-Sept),Calendar year,Date of the incident,Time of the incident,Type of homicide/murder,Type of location of the murder,Number of perpetrators,Type of perpetrator(s),Basis for bias,Bias indicators,Source of information about the murder,Reported by,Response from local authorities,ciudad_limpia,departamento,hubo_respuesta_institucional,solo_departamento_reportado
"Sudamérica, Latinoamérica y el Caribe::Colombia",Santiago de Cali,3.4519988|-76.5325259,trans / transgénero,,Desconocida,trabajadorx sexual,,,Black,19 a 25,,TDoR 2008,2008,2008/03/23,,apuñalamiento,,,,,,LGBTIQ group,Observatorio Ciudadano Trans,,Cali,,False,False
"Sudamérica, Latinoamérica y el Caribe::Colombia",Pereira,4.7854606|-75.7883220137654,travesti,,Desconocida,,,,Black,19 a 25,,TDoR 2008,2008,2008/05/15,,tiroteo,,,,,,civil society organisation,ILGA,,Pereira,,False,False
"Sudamérica, Latinoamérica y el Caribe::Colombia",Popayán,2.4440069739605623|-76.61469782778252,mujer trans / trans femenina / trans femme / mujer transgénero,,Desconocida,,,,Black,26 a 30,,TDoR 2008,2008,2008/07/10,,otro,residencia propia,,,,,civil society organisation,ILGA,,Popayán,,False,False
"Sudamérica, Latinoamérica y el Caribe::Colombia",Santiago de Cali,3.4519988|-76.5325259,travesti,,Desconocida,,,,Black,15 a 18,,TDoR 2008,2008,2008/02/01,,tiroteo,parque / plaza pública / espacio / mercado / gasolinera,,,,,LGBTIQ group,Observatorio Ciudadano Trans,,Cali,,False,False
"Sudamérica, Latinoamérica y el Caribe::Colombia",Barranquilla,10.9938599|-74.7926118,trans / transgénero,,Desconocida,,,,Black,19 a 25,,TDoR 2008,2008,2008/03/29,,tiroteo,,,,,,press,El Heraldo,,Barranquilla,,False,False
"Sudamérica, Latinoamérica y el Caribe::Colombia",Barranquilla,10.9938599|-74.7926118,trans / transgénero,,Desconocida,,,,Black,26 a 30,,TDoR 2008,2008,2008/03/29,,tiroteo,,,,,,press,El Heraldo,,Barranquilla,,False,False
"Sudamérica, Latinoamérica y el Caribe::Colombia",Santiago de Cali,3.4519988|-76.5325259,travesti,,Desconocida,trabajadorx sexual,,,Black,,,TDoR 2008,2008,2008/05/08,,tiroteo,calle,,,,,LGBTIQ group,Observatorio Ciudadano Trans,,Cali,,False,False
"Sudamérica, Latinoamérica y el Caribe::Colombia",Santiago de Cali,3.4519988|-76.5325259,travesti,,Desconocida,trabajadorx sexual,,,Black,,,TDoR 2008,2008,2008/05/08,,apuñalamiento,calle,,,,,LGBTIQ group,Observatorio Ciudadano Trans,,Cali,,False,False
"Sudamérica, Latinoamérica y el Caribe::Colombia",Barranquilla,10.9938599|-74.7926118,travesti,,Desconocida,,,,Black,,,TDoR 2008,2008,2008/05/10,,,,,,,,press,El Heraldo,,Barranquilla,,False,False
"Sudamérica, Latinoamérica y el Caribe::Colombia",Bogotá,4.6533874|-74.0836332,mujer trans / trans femenina / trans femme / mujer transgénero,,Desconocida,,,,Black,51 a 60,,TDoR 2008,2008,2008/07/18,,apuñalamiento,,,,,,civil society organisation,ILGA,,Bogotá,,False,False
"Sudamérica, Latinoamérica y el Caribe::Colombia",Bogotá,4.6533874|-74.0836332,trans / transgénero,,Desconocida,,,,Black,26 a 30,,TDoR 2008,2008,2008/07/01,,otro,calle,,,,,civil society organisation,ILGA,,Bogotá,,False,False
"Sudamérica, Latinoamérica y el Caribe::Colombia",Bogotá,4.6533874|-74.0836332,mujer trans / trans femenina / trans femme / mujer transgénero,,Desconocida,,,,Black,26 a 30,,TDoR 2008,2008,2008/09/04,,tiroteo,,,,,,civil society organisation,ILGA,,Bogotá,,False,False
"Sudamérica, Latinoamérica y el Caribe::Colombia",Santiago de Cali,3.4519988|-76.5325259,travesti,,Desconocida,,,,Black,51 a 60,,TDoR 2009,2008,2008/10/21,,apuñalamiento,residencia propia,,,,,LGBTIQ group,Observatorio Ciudadano Trans,,Cali,,False,False
"Sudamérica, Latinoamérica y el Caribe::Colombia",Pereira,4.7854606|-75.7883220137654,mujer trans / trans femenina / trans femme / mujer transgénero,,Desconocida,trabajadorx sexual,,,Black,,,TDoR 2009,2009,2009/02/01,,tiroteo,,,,,,LGBTIQ group,Observatorio Ciudadano Trans,,Pereira,,False,False
"Sudamérica, Latinoamérica y el Caribe::Colombia",Valle del Cauca,4.3354563|-75.826515235457,trans / transgénero,,Desconocida,,,,Black,,,TDoR 2009,2009,2009/08/08,,,,,,,,LGBTIQ group,Observatorio Ciudadano Trans,,,Valle del Cauca,False,True
"Sudamérica, Latinoamérica y el Caribe::Colombia",Sincelejo,9.2973386|-75.3926601,travesti,,Desconocida,,,,Black,15 a 18,,TDoR 2009,2009,2009/01/28,,apuñalamiento,,,,,,press,"El Universal, 01.02.2009",,Sincelejo,,False,False
"Sudamérica, Latinoamérica y el Caribe::Colombia",Valle del Cauca,4.3354563|-75.826515235457,mujer trans / trans femenina / trans femme / mujer transgénero,,Desconocida,trabajadorx sexual,,,Black,,,TDoR 2009,2009,2009/02/02,,tiroteo,,,,,,LGBTIQ group,Observatorio Ciudadano Trans,,,Valle del Cauca,False,True
"Sudamérica, Latinoamérica y el Caribe::Colombia",Ibague,4.4386033|-75.2108857,mujer trans / trans femenina / trans femme / mujer transgénero,,Desconocida,trabajadorx sexual,,,Black,,,TDoR 2009,2009,2009/02/21,,apuñalamiento,residencia de familiares / amigos / clientes,,,,,press,"El Nuevo Dia, 22.02.2009",,Ibagué,,False,False
"Sudamérica, Latinoamérica y el Caribe::Colombia",Palmira,3.5308373|-76.2988048,mujer trans / trans femenina / trans femme / mujer transgénero,,Desconocida,trabajadorx sexual,,,Black,,,TDoR 2009,2009,2009/04/01,,apuñalamiento,calle,,,,,LGBTIQ group,Observatorio Ciudadano Trans,,Palmira,,False,False
"Sudamérica, Latinoamérica y el Caribe::Colombia",Santiago de Cali,3.4519988|-76.5325259,mujer trans / trans femenina / trans femme / mujer transgénero,,Desconocida,trabajadorx sexual,,,Black,,,TDoR 2009,2009,2009/07/08,,tiroteo,calle,,,,,LGBTIQ group,Observatorio Ciudadano Trans,,Cali,,False,False
"Sudamérica, Latinoamérica y el Caribe::Colombia",Bogotá,4.6533874|-74.0836332,travesti,,Desconocida,,,,Black,,,TDoR 2009,2009,2009/08/16,,tiroteo,,,,,,press,La Prensa Escrita 12/09/2009,,Bogotá,,False,False
"Sudamérica, Latinoamérica y el Caribe::Colombia",Santiago de Cali,3.4519988|-76.5325259,mujer trans / trans femenina / trans femme / mujer transgénero,,Desconocida,peluquería / estilista / esteticista,,,Black,31 a 40,,TDoR 2009,2009,2009/02/01,,tiroteo,peluquería / salón de belleza,,,,,LGBTIQ group,Observatorio Ciudadano Trans,,Cali,,False,False
"Sudamérica, Latinoamérica y el Caribe::Colombia",Bogotá,4.6533874|-74.0836332,travesti,,Desconocida,activista / líder comunitarie,,,Black,,,TDoR 2010,2009,2009/10/30,,tiroteo,,,,,,press,"Fundacion Procrear 29/10/2009 and Portal Participacion Bogota, Gobierno de Colombia 02.11.2009",,Bogotá,,False,False
"Sudamérica, Latinoamérica y el Caribe::Colombia",Santiago de Cali,3.4519988|-76.5325259,trans / transgénero,,Desconocida,,,,Black,,,TDoR 2010,2009,2009/11/01,,,,,,,,LGBTIQ group,Observatorio Ciudadano Trans,,Cali,,False,False
"Sudamérica, Latinoamérica y el Caribe::Colombia",Valle del Cauca,4.3354563|-75.826515235457,travesti,,Desconocida,,,,Black,,,TDoR 2010,2010,2010/04/01,,,,,,,,LGBTIQ group,Observatorio Ciudadano Trans,,,Valle del Cauca,False,True
"Sudamérica, Latinoamérica y el Caribe::Colombia",Bogotá,4.6533874|-74.0836332,travesti,,Desconocida,trabajadorx sexual,,,Black,,,TDoR 2010,2010,2010/05/08,,apuñalamiento,,,,,,press,"Informativo Patio Bonita Al Dia, 13.05.2010",,Bogotá,,False,False
"Sudamérica, Latinoamérica y el Caribe::Colombia",Bogotá,4.6533874|-74.0836332,mujer trans / trans femenina / trans femme / mujer transgénero,,Desconocida,trabajadorx sexual,,,Black,,,TDoR 2010,2009,2009/10/25,,tiroteo,,,,,,press,"Portal Participacion Bogota, Gobierno de Colombia 02.11.2009",,Bogotá,,False,False
"Sudamérica, Latinoamérica y el Caribe::Colombia",Santiago de Cali,3.4519988|-76.5325259,mujer trans / trans femenina / trans femme / mujer transgénero,,Desconocida,,,,Black,,,TDoR 2010,2009,2009/12/05,,apuñalamiento,,,,,,LGBTIQ group,Observatorio Ciudadano Trans,,Cali,,False,False
"Sudamérica, Latinoamérica y el Caribe::Colombia",Santiago de Cali,3.4519988|-76.5325259,travesti,,Desconocida,trabajadorx sexual,,,Black,19 a 25,,TDoR 2010,2010,2010/01/01,,,,,,,,LGBTIQ group,Observatorio Ciudadano Trans,,Cali,,False,False
"Sudamérica, Latinoamérica y el Caribe::Colombia",Medellín,6.2443382|-75.573553,trans / transgénero,,Desconocida,,,,Black,,,TDoR 2010,2010,2010/01/01,,,playa / ribera / río / lago / bajo puente,,,,,LGBTIQ group,"Unidad Permanente para los Derechos Humanos, Medellín, human rights organisation, report from 10.12.20 10",,Medellín,,False,False
"Sudamérica, Latinoamérica y el Caribe::Colombia",Palmira,3.5308373|-76.2988048,travesti,,Desconocida,,,,Black,,,TDoR 2010,2010,2010/04/08,,tiroteo,peluquería / salón de belleza,,,,,LGBTIQ group,Observatorio Ciudadano Trans,,Palmira,,False,False
"Sudamérica, Latinoamérica y el Caribe::Colombia",Bello,6.334997|-75.5582665,trans / transgénero,,Desconocida,,,,Black,19 a 25,,TDoR 2011,2011,2011/03/24,,,,,,,,press,"Personeria de Medellín, Boletin de Prensa No. 159, 21.10.2011",,Bello,,False,False
"Sudamérica, Latinoamérica y el Caribe::Colombia",Bogotá,4.6533874|-74.0836332,mujer trans / trans femenina / trans femme / mujer transgénero,,Desconocida,,,,Black,31 a 40,,TDoR 2011,2011,2011/03/27,,,,,,,,press,El Tiempo 30.03.2011,,Bogotá,,False,False
"Sudamérica, Latinoamérica y el Caribe::Colombia",Bogotá,4.6533874|-74.0836332,travesti,,Desconocida,trabajadorx sexual,,,Black,19 a 25,,TDoR 2011,2011,2011/03/27,,apuñalamiento,calle,,cliente de trabajo sexual,,,press,"La Voz, online journal, 27.3.2011",,Bogotá,,False,False
"Sudamérica, Latinoamérica y el Caribe::Colombia",Valle del Cauca,4.3354563|-75.826515235457,travesti,,Desconocida,peluquería / estilista / esteticista,,,Black,,,TDoR 2011,2011,2011/03/29,,apuñalamiento,,,,,,LGBTIQ group,Observatorio Ciudadano Trans,,,Valle del Cauca,False,True
"Sudamérica, Latinoamérica y el Caribe::Colombia",Bogotá,4.6533874|-74.0836332,travesti,,Desconocida,propietario de tienda de belleza / peluquería / bar / tienda,no es migrante,Colombia,Black,15 a 18,,TDoR 2011,2011,2011/04/06,,estrangulamiento / ahorcamiento,residencia propia,,,,,press,"Qhubo Ibague, blog, 11.4.2011",,Bogotá,,False,False
"Sudamérica, Latinoamérica y el Caribe::Colombia",Santiago de Cali,3.4519988|-76.5325259,travesti,,Desconocida,propietario de tienda de belleza / peluquería / bar / tienda,,,Black,,,TDoR 2011,2010,2010/10/02,,tiroteo,calle,,,,,LGBTIQ group,Observatorio Ciudadano Trans,,Cali,,False,False
"Sudamérica, Latinoamérica y el Caribe::Colombia",Armenia,4.536307|-75.6723751,travesti,,Desconocida,,,,Black,41 a 50,,TDoR 2011,2010,2010/10/17,,tiroteo,calle,,,,,press,"La Cronica del Quindio, online journal, 19.10.2010",,Armenia,,False,False
"Sudamérica, Latinoamérica y el Caribe::Colombia",Tulua,4.0856667|-76.1972779,travesti,,Desconocida,artista / intérprete,,,Black,,,TDoR 2011,2010,2010/11/01,,paliza,,,,,,LGBTIQ group,Observatorio Ciudadano Trans,,Tulua,,False,False
"Sudamérica, Latinoamérica y el Caribe::Colombia",Santiago de Cali,3.4519988|-76.5325259,travesti,,Desconocida,trabajadorx sexual,,,Black,19 a 25,,TDoR 2011,2010,2010/11/02,,decapitación / desmembramiento,parque / plaza pública / espacio / mercado / gasolinera,,,,,LGBTIQ group,Observatorio Ciudadano Trans,,Cali,,False,False
"Sudamérica, Latinoamérica y el Caribe::Colombia",Ibague,4.4386033|-75.2108857,mujer trans / trans femenina / trans femme / mujer transgénero,,Desconocida,,,,Black,15 a 18,,TDoR 2011,2010,2010/11/01,,,otro,,,,,press,"Ecos del Combeima, online portal, 29.11.2010; El Tiempo, online portal (w/o date)",,Ibagué,,False,False
"Sudamérica, Latinoamérica y el Caribe::Colombia",Candelaria,10.4596531|-74.8803211,mujer trans / trans femenina / trans femme / mujer transgénero,,Desconocida,,,,Black,26 a 30,,TDoR 2011,2010,2010/12/13,,tiroteo,,,,,,LGBTIQ group,Observatorio Ciudadano Trans,,Candelaria,,False,False
"Sudamérica, Latinoamérica y el Caribe::Colombia",Santiago de Cali,3.4519988|-76.5325259,travesti,,Desconocida,trabajadorx sexual,,,Black,26 a 30,,TDoR 2011,2010,2010/12/13,,tiroteo,autopista / circunvalación / carretera,1,cliente de trabajo sexual,,,LGBTIQ group,"El Pais, online portal, 13.12.2010; Observatorio Ciudadano Trans",,Cali,,False,False
"Sudamérica, Latinoamérica y el Caribe::Colombia",Valle del Cauca,4.3354563|-75.826515235457,travesti,,Desconocida,,,,Black,,,TDoR 2011,2010,2010/12/18,,tiroteo,,,,,,LGBTIQ group,Observatorio Ciudadano Trans,,,Valle del Cauca,False,True
"Sudamérica, Latinoamérica y el Caribe::Colombia",Santiago de Cali,3.4519988|-76.5325259,trans / transgénero,,Desconocida,,,,Black,,,TDoR 2011,2010,2010/12/01,,tiroteo,calle,,,,,press,"El Pais, 13.12.2010.",,Cali,,False,False
"Sudamérica, Latinoamérica y el Caribe::Colombia",Valle del Cauca,4.3354563|-75.826515235457,mujer trans / trans femenina / trans femme / mujer transgénero,,Desconocida,trabajadorx sexual,,,Black,,,TDoR 2011,2011,2011/01/30,,,,,cliente de trabajo sexual,,,LGBTIQ group,Observatorio Ciudadano Trans,,,Valle del Cauca,False,True
"Sudamérica, Latinoamérica y el Caribe::Colombia",Santiago de Cali,3.4519988|-76.5325259,mujer trans / trans femenina / trans femme / mujer transgénero,,Desconocida,,,,Black,,,TDoR 2011,2011,2011/01/30,,tiroteo,,,,,,LGBTIQ group,"TV Mex - Travestis Mexico, Summary 2011",,Cali,,False,False
"Sudamérica, Latinoamérica y el Caribe::Colombia",Valle del Cauca,4.3354563|-75.826515235457,mujer trans / trans femenina / trans femme / mujer transgénero,,Desconocida,,,,Black,15 a 18,,TDoR 2011,2011,2011/02/13,,,,,,,,LGBTIQ group,Observatorio Ciudadano Trans,,,Valle del Cauca,False,True
"Sudamérica, Latinoamérica y el Caribe::Colombia",Quindio,3.4109349|-75.6836801,travesti,,Desconocida,,,,Black,,,TDoR 2011,2011,2011/06/30,,tiroteo,calle,,,,,LGBTIQ group,"TV Mex - Travestis Mexico, Summary 2011; Cronica del Quindio, online portal, w/o date",,,Quindío,False,True
"Sudamérica, Latinoamérica y el Caribe::Colombia",Maicao,11.3773054|-72.2387633,travesti,,Desconocida,,,,Black,19 a 25,,TDoR 2011,2011,2011/08/08,,tiroteo,calle,,,,,press,"El Informador, online portal, 9.08.2011",,Maicao,,False,False
"Sudamérica, Latinoamérica y el Caribe::Colombia",Medellín,6.2443382|-75.573553,mujer transexual,,Desconocida,,,,Black,,,TDoR 2011,2011,2011/09/06,,tiroteo,,,,,,press,"Personeria de Medellín, Boletin de Prensa No. 159, 21.10.2011",,Medellín,,False,False
"Sudamérica, Latinoamérica y el Caribe::Colombia",Medellín,6.2443382|-75.573553,trans / transgénero,,Desconocida,,,,Black,,,TDoR 2011,2010,2010/10/05,,apuñalamiento,,,,,,civil society organisation,"Unidad Permanente para los Derechos Humanos, Medellín, human rights organisation, report from 10.12.20 10",,Medellín,,False,False
"Sudamérica, Latinoamérica y el Caribe::Colombia",Quindio,3.4109349|-75.6836801,mujer trans / trans femenina / trans femme / mujer transgénero,,Desconocida,,,,Black,51 a 60,,TDoR 2011,2011,2011/01/16,,apuñalamiento,,,,,,press,"Cronica del Quindio, 17.1.2011",,,Quindío,False,True
"Sudamérica, Latinoamérica y el Caribe::Colombia",Medellín,6.2443382|-75.573553,mujer trans / trans femenina / trans femme / mujer transgénero,,Desconocida,,,,Black,,,TDoR 2011,2011,2011/03/08,,,matorral / campo / pastizales / zona rural / arboleda / bosque,,,,,press,"Personeria de Medellín, Boletin de Prensa No. 159, 21.10.2011",,Medellín,,False,False
"Sudamérica, Latinoamérica y el Caribe::Colombia",Valle del Cauca,4.3354563|-75.826515235457,travesti,,Desconocida,trabajadorx sexual,,,Black,,,TDoR 2011,2011,2011/03/17,,,calle,,,,,LGBTIQ group,Observatorio Ciudadano Trans,,,Valle del Cauca,False,True
"Sudamérica, Latinoamérica y el Caribe::Colombia",Medellín,6.2443382|-75.573553,travesti,,Desconocida,,,latinx,Black,,,TDoR 2012,2011,2011/10/18,,apuñalamiento,,,,,,press,"Personeria de Medellín, Boletin de Prensa No. 159, 21.10.2011",,Medellín,,False,False
"Sudamérica, Latinoamérica y el Caribe::Colombia",Atlantico,10.9695034|-74.7881745,travesti,,Desconocida,peluquería / estilista / esteticista,,latinx,Black,26 a 30,,TDoR 2012,2011,2011/11/13,,apuñalamiento,calle,,,,,press,"Elheraldo, online portal, 14.11.2011",,,Atlántico,False,True
"Sudamérica, Latinoamérica y el Caribe::Colombia",Monteria,8.7509361|-75.8786806,travesti,,Desconocida,,,latinx,Black,19 a 25,,TDoR 2012,2011,2011/11/25,,estrangulamiento / ahorcamiento,,,,,,press,"El Meridiano de Cordoba, online portal, w/d",,Montería,,False,False
"Sudamérica, Latinoamérica y el Caribe::Colombia",Sincelejo,9.2973386|-75.3926601,travesti,,Desconocida,trabajadorx sexual,,latinx,Black,26 a 30,,TDoR 2012,2012,2012/08/05,,tiroteo,calle,,,,,LGBTIQ group,Centro de Apoyo a las Identidades Trans: El Meridiano de Cordova.com 07.08.2012,,Sincelejo,,False,False
"Sudamérica, Latinoamérica y el Caribe::Colombia",Medellín,6.2443382|-75.573553,travesti,,Desconocida,,,latinx,Black,,,TDoR 2012,2011,2011/11/04,,,calle,,,,,civil society organisation,"Unidad Permanente para los Derechos Humanos, Medellín, human rights organisation, communication from 3.02.20 12",,Medellín,,False,False
"Sudamérica, Latinoamérica y el Caribe::Colombia",Medellín,6.2443382|-75.573553,mujer trans / trans femenina / trans femme / mujer transgénero,,Desconocida,,,latinx,Black,26 a 30,,TDoR 2012,2012,2012/02/01,,tiroteo,residencia propia,,,,,LGBTIQ group,Centro de Apoyo a las Identidades Trans,,Medellín,,False,False
"Sudamérica, Latinoamérica y el Caribe::Colombia",Barranquilla,10.9938599|-74.7926118,trans / transgénero,,Desconocida,activista / líder comunitarie,,latinx,Black,31 a 40,,TDoR 2012,2012,2012/05/15,,apuñalamiento,,,,,,LGBTIQ group,Centro de Apoyo a las Identidades Trans: Zoom.com.co 16.05.2012,,Barranquilla,,False,False
"Sudamérica, Latinoamérica y el Caribe::Colombia",Maicao,11.3773054|-72.2387633,travesti,,Desconocida,peluquería / estilista / esteticista,,latinx,Black,41 a 50,,TDoR 2012,2012,2012/08/11,,paliza,residencia propia,,,,,LGBTIQ group,Centro de Apoyo a las Identidades Trans: groups.google.com.plan integral a largo plazo 14.08.2012,,Maicao,,False,False
"Sudamérica, Latinoamérica y el Caribe::Colombia",,8.5542882|-76.7599137499999,trans / transgénero,,Desconocida,,,latinx,Black,,,TDoR 2013,2012,2012/12/06,,,,,,,,LGBTIQ group,"Centro de Apoyo a las Identidades Trans: El Universal.com, Periodico Online 06-12-12",,,,False,False
"Sudamérica, Latinoamérica y el Caribe::Colombia",,8.5542882|-76.7599137499999,trans / transgénero,,Desconocida,,,latinx,Black,,,TDoR 2013,2012,2012/12/06,,,,,,,,LGBTIQ group,"Centro de Apoyo a las Identidades Trans: El Universal.com, Periodico Online 06-12-12",,,,False,False
"Sudamérica, Latinoamérica y el Caribe::Colombia",Cartagena,10.4265566|-75.5441671,travesti,,Desconocida,peluquería / estilista / esteticista,,,Black,26 a 30,,TDoR 2013,2013,2013/01/24,,paliza,calle,,,,,LGBTIQ group,Centro de Apoyo a las Identidades Trans: eluniversal.com.co 14.02.2013,,Cartagena,,False,False
"Sudamérica, Latinoamérica y el Caribe::Colombia",Magangué,9.24446390274663|-74.75743224063396,travesti,,Desconocida,trabajadorx sexual,,latinx,Black,19 a 25,,TDoR 2013,2012,2012/12/03,,apuñalamiento,matorral / campo / pastizales / zona rural / arboleda / bosque,,cliente de trabajo sexual,,,press,"El Espacio, 07.12.2012",,Magangué,,False,False
"Sudamérica, Latinoamérica y el Caribe::Colombia",,8.5542882|-76.7599137499999,trans / transgénero,,Desconocida,,,latinx,Black,,,TDoR 2013,2012,2012/12/06,,,,,,,,LGBTIQ group,"Centro de Apoyo a las Identidades Trans: El Universal.com, Periodico Online 06-12-12",,,,False,False
"Sudamérica, Latinoamérica y el Caribe::Colombia",Ciudad Armenia,4.528596|-75.701753,trans / transgénero,,Desconocida,,,,Black,19 a 25,,TDoR 2013,2013,2013/02/04,,tiroteo,residencia propia,,,,,LGBTIQ group,Centro de Apoyo a las Identidades Trans: caracol.com.co 04.02.2013,,Armenia,,False,False
"Sudamérica, Latinoamérica y el Caribe::Colombia",La Virginia,4.8995993|-75.8825661,travesti,,Desconocida,peluquería / estilista / esteticista,,,Black,,,TDoR 2013,2013,2013/07/21,,tiroteo,peluquería / salón de belleza,,,,,LGBTIQ group,Centro de Apoyo a las Identidades Trans,,La Virginia,,False,False
"Sudamérica, Latinoamérica y el Caribe::Colombia",Huila,1.9290724|-76.2160521456146,travesti,,Desconocida,,,,Black,,,TDoR 2013,2013,2013/07/01,,,,,,,,LGBTIQ group,Centro de Apoyo a las Identidades Trans canalcncarauca.com 03.07.2013,,,Huila,False,True
"Sudamérica, Latinoamérica y el Caribe::Colombia",,8.5542882|-76.7599137499999,trans / transgénero,,Desconocida,,,latinx,Black,,,TDoR 2013,2012,2012/12/06,,,,,,,,LGBTIQ group,"Centro de Apoyo a las Identidades Trans: El Universal.com, Periodico Online 06-12-12",,,,False,False
"Sudamérica, Latinoamérica y el Caribe::Colombia",Ciudad Armenia,4.528596|-75.701753,trans / transgénero,,Desconocida,,,,Black,31 a 40,,TDoR 2013,2013,2013/02/04,,tiroteo,residencia propia,,,,,LGBTIQ group,Centro de Apoyo a las Identidades Trans: caracol.com.co 04.02.2013,,Armenia,,False,False
"Sudamérica, Latinoamérica y el Caribe::Colombia",Barranquilla,10.9938599|-74.7926118,travesti,,Desconocida,,,,Black,,,TDoR 2013,2013,2013/07/24,,tiroteo,,,,,,LGBTIQ group,Centro de Apoyo a las Identidades Trans,,Barranquilla,,False,False
"Sudamérica, Latinoamérica y el Caribe::Colombia",Barranquilla,10.9938599|-74.7926118,travesti,,Desconocida,,,,Black,19 a 25,,TDoR 2013,2013,2013/09/13,,tiroteo,,,,,,LGBTIQ group,Centro de Apoyo a las Identidades Trans diarioadn.co 13.09.2013,,Barranquilla,,False,False
"Sudamérica, Latinoamérica y el Caribe::Colombia",Barranquilla,10.9938599|-74.7926118,trans / transgénero,,Desconocida,,,,,,,TDoR 2013,2013,2013/09/28,,,,,,,,LGBTIQ group,Centro de Apoyo a las Identidades Trans,,Barranquilla,,False,False
"Sudamérica, Latinoamérica y el Caribe::Colombia",Cartagena,10.4265566|-75.5441671,travesti,,Desconocida,,,,Black,,,TDoR 2014,2014,2014/03/02,,tiroteo,otro,,,,,LGBTIQ group,Centro de Apoyo a las Identidades Trans,,Cartagena,,False,False
"Sudamérica, Latinoamérica y el Caribe::Colombia",Cali,3.4519988|-76.5325259,mujer trans / trans femenina / trans femme / mujer transgénero,,Desconocida,,,,Black,19 a 25,,TDoR 2014,2014,2014/01/19,,apuñalamiento,residencia propia,,,,,LGBTIQ group,Centro de Apoyo a las Identidades Trans,,Cali,,False,False
"Sudamérica, Latinoamérica y el Caribe::Colombia",Medellín,6.2443382|-75.573553,trans / transgénero,,Desconocida,,,,Black,,,TDoR 2014,2014,2014/03/01,,apuñalamiento,playa / ribera / río / lago / bajo puente,,,,,LGBTIQ group,Centro de Apoyo a las Identidades Trans,,Medellín,,False,False
"Sudamérica, Latinoamérica y el Caribe::Colombia",Medellín,6.2443382|-75.573553,mujer trans / trans femenina / trans femme / mujer transgénero,,Desconocida,,,,Black,19 a 25,,TDoR 2014,2014,2014/04/27,,apuñalamiento,hotel / motel / autocine,,,,,LGBTIQ group,Centro de Apoyo a las Identidades Trans,,Medellín,,False,False
"Sudamérica, Latinoamérica y el Caribe::Colombia",Sucre,2.0382339|-76.9249937,travesti,,Desconocida,vendedor / comerciante,,,Black,19 a 25,,TDoR 2014,2014,2014/07/23,,tiroteo,otro,,,,,LGBTIQ group,Centro de Apoyo a las Identidades Trans: caribeafirmativo.org 23.07.2014,,,Sucre,False,True
"Sudamérica, Latinoamérica y el Caribe::Colombia",Medellín,6.2443382|-75.573553,mujer trans / trans femenina / trans femme / mujer transgénero,,Desconocida,,,,Black,41 a 50,,TDoR 2014,2014,2014/09/15,,lapidación,calle,,,,,LGBTIQ group,Centro de Apoyo a las Identidades Trans,,Medellín,,False,False
"Sudamérica, Latinoamérica y el Caribe::Colombia",Risalda,3.82797045|-75.4331799193114,travesti,,Desconocida,trabajadorx sexual,,,Black,31 a 40,,TDoR 2015,2014,2014/12/04,,tiroteo,calle,,,,,LGBTIQ group,Centro de Apoyo a las Identidades Trans,,,Risaralda,False,True
"Sudamérica, Latinoamérica y el Caribe::Colombia",Colombia,3.3758991|-74.8019303,travesti,,Desconocida,,,,,,,TDoR 2015,2015,2015/01/01,,paliza,,,,,,LGBTIQ group,Centro de Apoyo a las Identidades Trans,,,,False,False
"Sudamérica, Latinoamérica y el Caribe::Colombia","Cúcuta, Norte de Santander",7.888859021310974|-72.49773201199446,trans / transgénero,,Desconocida,peluquería / estilista / esteticista,,,Black,26 a 30,,TDoR 2015,2015,2015/03/14,,apuñalamiento,calle,,,,,LGBTIQ group,Centro de Apoyo a las Identidades Trans,,Cúcuta,Norte de Santander,False,False
"Sudamérica, Latinoamérica y el Caribe::Colombia",Santiago de Cali,3.4519988|-76.5325259,trans / transgénero,,Desconocida,trabajadorx sexual,,,,,,TDoR 2015,2015,2015/01/01,,apuñalamiento,calle,,,,,LGBTIQ group,Centro de Apoyo a las Identidades Trans,,Cali,,False,False
"Sudamérica, Latinoamérica y el Caribe::Colombia",Cali,3.4519988|-76.5325259,travesti,,Desconocida,,,,Black,19 a 25,,TDoR 2015,2014,2014/10/10,,apuñalamiento,otro,,,,,LGBTIQ group,Centro de Apoyo a las Identidades Trans,,Cali,,False,False
"Sudamérica, Latinoamérica y el Caribe::Colombia",Colombia,3.3758991|-74.8019303,mujer trans / trans femenina / trans femme / mujer transgénero,,Desconocida,,,,Black,,,TDoR 2015,2015,2015/01/09,,,matorral / campo / pastizales / zona rural / arboleda / bosque,,,,,LGBTIQ group,Centro de Apoyo a las Identidades Trans,,,,False,False
"Sudamérica, Latinoamérica y el Caribe::Colombia",Colombia,3.3758991|-74.8019303,mujer trans / trans femenina / trans femme / mujer transgénero,,Desconocida,peluquería / estilista / esteticista,,,Black,26 a 30,,TDoR 2015,2015,2015/01/11,,tiroteo,calle,,,,,LGBTIQ group,Centro de Apoyo a las Identidades Trans,,,,False,False
"Sudamérica, Latinoamérica y el Caribe::Colombia",Colombia,3.3758991|-74.8019303,mujer trans / trans femenina / trans femme / mujer transgénero,,Desconocida,trabajadorx sexual,,,Black,31 a 40,,TDoR 2015,2015,2015/03/08,,apuñalamiento,hotel / motel / autocine,,,,,LGBTIQ group,Centro de Apoyo a las Identidades Trans,,,,False,False
"Sudamérica, Latinoamérica y el Caribe::Colombia",Medellín,6.2443382|-75.573553,mujer trans / trans femenina / trans femme / mujer transgénero,,Desconocida,trabajadorx sexual,,,Black,26 a 30,,TDoR 2015,2015,2015/03/31,,tiroteo,calle,,,,,LGBTIQ group,Centro de Apoyo a las Identidades Trans,,Medellín,,False,False
"Sudamérica, Latinoamérica y el Caribe::Colombia",Sucre,2.0382339|-76.9249937,mujer trans / trans femenina / trans femme / mujer transgénero,,Desconocida,activista / líder comunitarie,,,Black,26 a 30,,TDoR 2015,2015,2015/06/18,,,,,,,,LGBTIQ group,Centro de Apoyo a las Identidades Trans caribeafirmativo.lgbt 19.06.2015,,,Sucre,False,True
"Sudamérica, Latinoamérica y el Caribe::Colombia",Santiago de Cali,3.4519988|-76.5325259,travesti,,Desconocida,trabajadorx sexual,,,Black,31 a 40,,TDoR 2015,2015,2015/07/05,,tiroteo,calle,,,,,LGBTIQ group,Centro de Apoyo a las Identidades Trans cali.extra.com.co 06.07.2015,,Cali,,False,False
"Sudamérica, Latinoamérica y el Caribe::Colombia",Santiago de Cali,3.4519988|-76.5325259,mujer trans / trans femenina / trans femme / mujer transgénero,,Desconocida,trabajadorx sexual,,,Black,19 a 25,,TDoR 2015,2015,2015/07/05,,apuñalamiento,calle,,,,,press,"Noticias Caracol, 06.07.2015",,Cali,,False,False
"Sudamérica, Latinoamérica y el Caribe::Colombia",Sucre,2.0382339|-76.9249937,mujer transexual,,Desconocida,,,,Black,15 a 18,,TDoR 2015,2015,2015/07/14,,tiroteo,calle,,,,,LGBTIQ group,Centro de Apoyo a las Identidades Trans,,,Sucre,False,True
"Sudamérica, Latinoamérica y el Caribe::Colombia",Santiago de Cali,3.4519988|-76.5325259,trans / transgénero,,Desconocida,,,,,31 a 40,,TDoR 2015,2015,2015/01/01,,apuñalamiento,calle,,,,,LGBTIQ group,Centro de Apoyo a las Identidades Trans,,Cali,,False,False
"Sudamérica, Latinoamérica y el Caribe::Colombia",Santiago de Cali,3.4519988|-76.5325259,trans / transgénero,,Desconocida,trabajadorx sexual,,,,,,TDoR 2015,2015,2015/01/01,,apuñalamiento,calle,,,,,LGBTIQ group,Centro de Apoyo a las Identidades Trans,,Cali,,False,False
"Sudamérica, Latinoamérica y el Caribe::Colombia",Barranquilla,10.9938599|-74.7926118,trans / transgénero,,Desconocida,,,,Black,26 a 30,,TDoR 2015,2015,2015/09/01,,apuñalamiento,calle,,,,,LGBTIQ group,"Centro de Apoyo a las Identidades Trans & El Heraldo, 02.09.2015",,Barranquilla,,False,False
"Sudamérica, Latinoamérica y el Caribe::Colombia",San Pedro de los Milagros,6.4618141|-75.5560645,mujer trans / trans femenina / trans femme / mujer transgénero,,Desconocida,activista / líder comunitarie,,,Black,19 a 25,,TDoR 2015,2015,2015/02/16,,tiroteo,matorral / campo / pastizales / zona rural / arboleda / bosque,,,,,press,"Noticias Caracol & Pulzo, 17.02.2015",,San Pedro de los Milagros,,False,False
"Sudamérica, Latinoamérica y el Caribe::Colombia",Aguachica,8.309416|-73.603699,mujer trans / trans femenina / trans femme / mujer transgénero,,Desconocida,,,,Black,19 a 25,,TDoR 2015,2015,2015/04/10,,tiroteo,calle,,,,,LGBTIQ group,Centro de Apoyo a las Identidades Trans cristianysublog.wordpress.com 12.04.2015,,Aguachica,,False,False
"Sudamérica, Latinoamérica y el Caribe::Colombia",Barranquilla,10.9938599|-74.7926118,mujer trans / trans femenina / trans femme / mujer transgénero,,Desconocida,peluquería / estilista / esteticista,,,Black,26 a 30,,TDoR 2016,2015,2015/10/15,,tiroteo,calle,,organised hate group / gang,,,press,"El Universal & El Heraldo, 15.10.2015",,Barranquilla,,False,False
"Sudamérica, Latinoamérica y el Caribe::Colombia",Bogotá,4.6533874|-74.0836332,mujer trans / trans femenina / trans femme / mujer transgénero,,Desconocida,,,,Black,26 a 30,,TDoR 2016,2015,2015/12/05,,,prisión / estación de policía / campamento militar / juzgado,,,,,LGBTIQ group,"Centro de Apoyo a las Identidades Trans & RCN Radio, 05.12.2015",,Bogotá,,False,False
"Sudamérica, Latinoamérica y el Caribe::Colombia",Barrio La Mina,6.6583542|-75.4541859,mujer trans / trans femenina / trans femme / mujer transgénero,,Desconocida,,,,Black,19 a 25,,TDoR 2016,2016,2016/09/20,,quema / incendio provocado,residencia propia,,,,,LGBTIQ group,"Centro de Apoyo a las Identidades Trans & Ato do Momento, 21.09.2016",,Barrio La Mina,,False,False
"Sudamérica, Latinoamérica y el Caribe::Colombia",Bogotá,4.6533874|-74.0836332,mujer trans / trans femenina / trans femme / mujer transgénero,,Desconocida,,,,Black,,,TDoR 2016,2015,2015/10/19,,apuñalamiento,calle,,,,,press,"La Carinosa, 19.10.2015",,Bogotá,,False,False
"Sudamérica, Latinoamérica y el Caribe::Colombia",Bogotá,4.6533874|-74.0836332,trans / transgénero,,Desconocida,,,,Black,26 a 30,,TDoR 2016,2015,2015/11/09,,apuñalamiento,,,,,,LGBTIQ group,"Centro de Apoyo a las Identidades Trans & La Carinosa, 10.11.2015",,Bogotá,,False,False
"Sudamérica, Latinoamérica y el Caribe::Colombia",Bucaramanga,7.1274697|-73.1191168,mujer trans / trans femenina / trans femme / mujer transgénero,,Desconocida,trabajadorx sexual,,,Black,26 a 30,,TDoR 2016,2015,2015/12/11,,apuñalamiento,otro,,,,,LGBTIQ group,"Centro de Apoyo a las Identidades Trans & Vanguardia, 12.12.2015",,Bucaramanga,,False,False
"Sudamérica, Latinoamérica y el Caribe::Colombia",Cali,3.4519988|-76.5325259,mujer trans / trans femenina / trans femme / mujer transgénero,,Desconocida,,no es migrante,Colombia,Black,,,TDoR 2016,2016,2016/01/01,,tiroteo,calle,,policía / militar / ejército,,,press,"El Tiempo & QHubo, 06.01.2016",,Cali,,False,False
"Sudamérica, Latinoamérica y el Caribe::Colombia",Florida,3.3256006|-76.2370118,mujer trans / trans femenina / trans femme / mujer transgénero,,Desconocida,trabajadorx sexual,,,Black,,,TDoR 2016,2016,2016/02/01,,tiroteo,calle,,,,,LGBTIQ group,"Centro de Apoyo a las Identidades Trans & Periodico La ultima, 01.02.2016",,Florida,,False,False
"Sudamérica, Latinoamérica y el Caribe::Colombia",Chinchina,4.9830232|-75.6054129,mujer trans / trans femenina / trans femme / mujer transgénero,,Desconocida,,no es migrante,Colombia,Black,19 a 25,,TDoR 2016,2016,2016/02/21,,tiroteo,calle,,,,,press,"La Patria, 21.02.2016",,Chinchiná,,False,False
"Sudamérica, Latinoamérica y el Caribe::Colombia",La Guajira,9.75481|-73.3179201,mujer trans / trans femenina / trans femme / mujer transgénero,,Desconocida,trabajadorx sexual,,,Black,41 a 50,,TDoR 2016,2016,2016/06/10,,apuñalamiento,playa / ribera / río / lago / bajo puente,,,,,LGBTIQ group,"Centro de Apoyo a las Identidades Trans & El Heraldo, 10.06.2016",,,La Guajira,False,True
"Sudamérica, Latinoamérica y el Caribe::Colombia",Riohacha,11.5449387|-72.9150522,mujer trans / trans femenina / trans femme / mujer transgénero,,Desconocida,trabajadorx sexual,,,Black,31 a 40,,TDoR 2016,2016,2016/08/17,,apuñalamiento,hotel / motel / autocine,,,,,LGBTIQ group,"Centro de Apoyo a las Identidades Trans & La Jornada Caribe, 18.08.2016",,Riohacha,,False,False
"Sudamérica, Latinoamérica y el Caribe::Colombia",Barranquilla,10.9938599|-74.7926118,travesti,,Desconocida,trabajadorx sexual,,,Black,26 a 30,,TDoR 2016,2016,2016/09/19,,apuñalamiento,calle,,,,,LGBTIQ group,"Centro de Apoyo a las Identidades Trans & El Heraldo, 19.09.2016",,Barranquilla,,False,False
"Sudamérica, Latinoamérica y el Caribe::Colombia",Villavicencio,4.1347644|-73.6201517,travesti,,Desconocida,,,,Black,,,TDoR 2016,2016,2016/08/01,,tiroteo,,,,,,LGBTIQ group,"Centro de Apoyo a las Identidades Trans & Noticero del Llano, 01.08.2016",,Villavicencio,,False,False
"Sudamérica, Latinoamérica y el Caribe::Colombia",Barranquilla,10.9938599|-74.7926118,mujer trans / trans femenina / trans femme / mujer transgénero,,Desconocida,trabajadorx sexual,,,Black,31 a 40,,TDoR 2016,2016,2016/08/07,,apuñalamiento,calle,,,,,LGBTIQ group,"Centro de Apoyo a las Identidades Trans & El Heraldo, 08.08.2016",,Barranquilla,,False,False
"Sudamérica, Latinoamérica y el Caribe::Colombia",Risaralda,5.1635531|-75.7673963,hombre trans / trans masculino / hombre transgénero,,Desconocida,empleado / funcionario público / empleado,,,Black,31 a 40,,TDoR 2017,2016,2016/11/30,,tiroteo,calle,1,,,,press,"El Diario & Cronica del Quindio, 02.12.2016",,,Risaralda,False,True
"Sudamérica, Latinoamérica y el Caribe::Colombia",Cali,3.4519988|-76.5325259,mujer trans / trans femenina / trans femme / mujer transgénero,,Desconocida,peluquería / estilista / esteticista,,,Black,51 a 60,,TDoR 2017,2017,2017/05/31,,apuñalamiento,peluquería / salón de belleza,,,,,LGBTIQ group,"Centro de Apoyo a las Identidades Trans & El Tiempo, 03.06.2017",,Cali,,False,False
"Sudamérica, Latinoamérica y el Caribe::Colombia",Cali,3.4519988|-76.5325259,mujer trans / trans femenina / trans femme / mujer transgénero,,Desconocida,trabajadorx sexual,,,Black,19 a 25,,TDoR 2017,2017,2017/01/20,,apuñalamiento,calle,,,,,press,,,Cali,,False,False
"Sudamérica, Latinoamérica y el Caribe::Colombia",La Dorada,5.4457655|-74.6618458,mujer trans / trans femenina / trans femme / mujer transgénero,,Desconocida,,,,Black,31 a 40,,TDoR 2017,2017,2017/01/28,,tiroteo,calle,,otro,,,press,,,La Dorada,,False,False
"Sudamérica, Latinoamérica y el Caribe::Colombia",Valle del Cauca,4.3354563|-75.826515235457,mujer trans / trans femenina / trans femme / mujer transgénero,,Desconocida,,no es migrante,Colombia,Black,,,TDoR 2017,2017,2017/02/19,,tiroteo,residencia propia,1,amigo/a,,,press,,,,Valle del Cauca,False,True
"Sudamérica, Latinoamérica y el Caribe::Colombia",Tolima,6.4310446|-71.7705697,mujer transexual,,Desconocida,,,,Black,,,TDoR 2017,2017,2017/05/03,,tiroteo,matorral / campo / pastizales / zona rural / arboleda / bosque,,,,,LGBTIQ group,"Centro de Apoyo a las Identidades Trans & HSB Noticias, 04.05.2017",,,Tolima,False,True
"Sudamérica, Latinoamérica y el Caribe::Colombia",Tolima,6.4310446|-71.7705697,mujer trans / trans femenina / trans femme / mujer transgénero,,Desconocida,,,,Black,15 a 18,,TDoR 2017,2017,2017/08/27,,,hotel / motel / autocine,2,cliente de trabajo sexual,,,press,,,,Tolima,False,True
"Sudamérica, Latinoamérica y el Caribe::Colombia",Garzon,2.1960126|-75.6274845,mujer trans / trans femenina / trans femme / mujer transgénero,,Desconocida,peluquería / estilista / esteticista,no es migrante,Colombia,,,,TDoR 2017,2017,2017/02/09,,,otro,1,otro,,,press,,sospechoso identificado,Garzón,,True,False
"Sudamérica, Latinoamérica y el Caribe::Colombia",Chaparral,3.7245851|-75.485156,mujer trans / trans femenina / trans femme / mujer transgénero,,Desconocida,,no es migrante,Colombia,Black,,,TDoR 2017,2017,2017/02/16,,paliza,,,,,,press,,,Chaparral,,False,False
"Sudamérica, Latinoamérica y el Caribe::Colombia",Valle de Cauca,3.21387|-76.75804,mujer trans / trans femenina / trans femme / mujer transgénero,,Desconocida,,,,Black,31 a 40,,TDoR 2017,2017,2017/07/02,,tiroteo,matorral / campo / pastizales / zona rural / arboleda / bosque,,,,,LGBTIQ group,"Centro de Apoyo a las Identidades Trans & Caracol TV, 02.07.2017",,,Valle del Cauca,False,True
"Sudamérica, Latinoamérica y el Caribe::Colombia",Santa Fe,9.6082175|-73.243774,travesti,,Desconocida,trabajadorx sexual,no es migrante,Colombia,,41 a 50,,TDoR 2018,2017,2017/10/21,,apuñalamiento,calle,1,amigo/a,,,LGBTIQ group,"Centro de Apoyo a las Identidades Trans & HSB Noticias, 23.10.2017",,Santa Fe,,False,False
"Sudamérica, Latinoamérica y el Caribe::Colombia",Caucasia,7.9877579|-75.1983745,travesti,,Desconocida,,no es migrante,Colombia,Black,,,TDoR 2018,2018,2018/01/01,,,,,organised hate group / gang,,,LGBTIQ group,"Caribeafirmativo, 16.11.2017",,Caucasia,,False,False
"Sudamérica, Latinoamérica y el Caribe::Colombia",Caucasia,7.9877579|-75.1983745,travesti,,Desconocida,,no es migrante,Colombia,Black,,,TDoR 2018,2018,2018/01/01,,,,,organised hate group / gang,,,LGBTIQ group,"Caribeafirmativo, 16.11.2017",,Caucasia,,False,False
"Sudamérica, Latinoamérica y el Caribe::Colombia",Caucasia,7.9877579|-75.1983745,travesti,,Desconocida,,no es migrante,Colombia,Black,,,TDoR 2018,2018,2018/01/01,,,,,organised hate group / gang,,,LGBTIQ group,"Caribeafirmativo, 16.11.2017",,Caucasia,,False,False
"Sudamérica, Latinoamérica y el Caribe::Colombia",Caucasia,7.9877579|-75.1983745,mujer trans / trans femenina / trans femme / mujer transgénero,,Desconocida,peluquería / estilista / esteticista,no es migrante,Colombia,Black,19 a 25,,TDoR 2018,2017,2017/11/15,,tiroteo,residencia propia,2,,,,LGBTIQ group,"Centro de Apoyo a las Identidades Trans & Caribe Afirmativo, 16.11.2017",,Caucasia,,False,False
"Sudamérica, Latinoamérica y el Caribe::Colombia",Medellín,6.2443382|-75.573553,mujer trans / trans femenina / trans femme / mujer transgénero,,Desconocida,,no es migrante,Colombia,Black,19 a 25,,TDoR 2018,2017,2017/12/30,,tiroteo,calle,1,,,,LGBTIQ group,"Centro de Apoyo a las Identidades Trans & La Nación, 28.12.2017",,Medellín,,False,False
"Sudamérica, Latinoamérica y el Caribe::Colombia",La Dorada,5.4457655|-74.6618458,mujer trans / trans femenina / trans femme / mujer transgénero,,Desconocida,,,,,31 a 40,,TDoR 2018,2018,2018/01/27,,tiroteo,calle,,,,,LGBTIQ group,"Centro de Apoyo a las Identidades Trans & La Patria, 30.01.2018",,La Dorada,,False,False
"Sudamérica, Latinoamérica y el Caribe::Colombia",Bogotá,4.6533874|-74.0836332,mujer trans / trans femenina / trans femme / mujer transgénero,,Desconocida,trabajadorx sexual,,,,31 a 40,,TDoR 2018,2018,2018/02/10,,apuñalamiento,calle,1,,,,LGBTIQ group,"Centro de Apoyo a las Identidades Trans & HSB Noticias, 12.02.2018",,Bogotá,,False,False
"Sudamérica, Latinoamérica y el Caribe::Colombia",Bogotá,4.6533874|-74.0836332,mujer transexual,,Desconocida,peluquería / estilista / esteticista,no es migrante,Colombia,Black,19 a 25,,TDoR 2018,2018,2018/03/09,,apuñalamiento,residencia propia,,,,,LGBTIQ group,"Centro de Apoyo a las Identidades Trans & Bucaramanga, 09.03.2018",,Bogotá,,False,False
"Sudamérica, Latinoamérica y el Caribe::Colombia",Montenegro,4.5664176|-75.7507081,mujer trans / trans femenina / trans femme / mujer transgénero,,Desconocida,,,,Black,19 a 25,,TDoR 2018,2018,2018/03/25,,tiroteo,calle,,,,,LGBTIQ group,"Centro de Apoyo a las Identidades Trans & Cronica del Quindio, 26.03.2018",,Montenegro,,False,False
"Sudamérica, Latinoamérica y el Caribe::Colombia",Manizales,5.0668907|-75.5066661,mujer trans / trans femenina / trans femme / mujer transgénero,,Desconocida,,,,Black,26 a 30,,TDoR 2018,2018,2018/04/22,,apuñalamiento,calle,,,,,LGBTIQ group,"Centro de Apoyo a las Identidades Trans & Hla Patria, 23.04.2018",,Manizales,,False,False
"Sudamérica, Latinoamérica y el Caribe::Colombia",Valledupar,10.4651733|-73.2529512,mujer transexual,,Desconocida,trabajadorx sexual,migrante internacional,Venezuela,Black,,,TDoR 2018,2018,2018/08/18,,tiroteo,calle,2,,,,LGBTIQ group,"Centro de Apoyo a las Identidades Trans & El Universal, 18.08.2018",,Valledupar,,False,False
"Sudamérica, Latinoamérica y el Caribe::Colombia",Ciudad Bolivar,5.8500342|-76.0208666,mujer trans / trans femenina / trans femme / mujer transgénero,,Desconocida,peluquería / estilista / esteticista,no es migrante,Colombia,Black,31 a 40,,TDoR 2018,2018,2018/09/22,,tiroteo,calle,,,,,LGBTIQ group,"Centro de Apoyo a las Identidades Trans & El Espectador, 26.09.2018",,Ciudad Bolivar,,False,False
"Sudamérica, Latinoamérica y el Caribe::Colombia",Bogotá,4.6533874|-74.0836332,mujer trans / trans femenina / trans femme / mujer transgénero,,Desconocida,trabajadorx sexual,migrante internacional,Venezuela,Black,26 a 30,,TDoR 2018,2017,2017/10/12,,apuñalamiento,calle,1,ex-pareja / ex-amante,,,LGBTIQ group,"Centro de Apoyo a las Identidades Trans & HSB Noticias, 21.10.2017",,Bogotá,,False,False
"Sudamérica, Latinoamérica y el Caribe::Colombia",La Virginia,4.8995993|-75.8825661,mujer trans / trans femenina / trans femme / mujer transgénero,,Desconocida,,no es migrante,Colombia,Black,,,TDoR 2018,2018,2018/01/24,,tiroteo,residencia propia,1,otro,,,LGBTIQ group,"Centro de Apoyo a las Identidades Trans & El Diario, 25.01.2018",,La Virginia,,False,False
"Sudamérica, Latinoamérica y el Caribe::Colombia",Soacha,4.5826886|-74.2117781,travesti,,Desconocida,,,,Black,26 a 30,,TDoR 2018,2018,2018/02/01,,apuñalamiento,calle,2,extraño / sin relación directa,,,LGBTIQ group,"Centro de Apoyo a las Identidades Trans & HSB Noticias, 01.02.2018",,Soacha,,False,False
"Sudamérica, Latinoamérica y el Caribe::Colombia",Cali,3.4519988|-76.5325259,mujer trans / trans femenina / trans femme / mujer transgénero,,Desconocida,,no es migrante,Colombia,Black,,,TDoR 2018,2018,2018/08/12,,tiroteo,calle,,,,,LGBTIQ group,"Centro de Apoyo a las Identidades Trans & Pulzo, 12.08.2018",,Cali,,False,False
"Sudamérica, Latinoamérica y el Caribe::Colombia",Bogotá,4.6533874|-74.0836332,mujer transexual,,Desconocida,,,,Black,31 a 40,,TDoR 2018,2017,2017/10/12,,corte de garganta/degollamiento,parque / plaza pública / espacio / mercado / gasolinera,,,,,LGBTIQ group,"Centro de Apoyo a las Identidades Trans & La Cariñosa Radio, 13.10.2017",,Bogotá,,False,False
"Sudamérica, Latinoamérica y el Caribe::Colombia",Cordova,9.63333|-74.78333,mujer trans / trans femenina / trans femme / mujer transgénero,,Desconocida,,no es migrante,Colombia,Black,,,TDoR 2018,2018,2018/08/31,,,playa / ribera / río / lago / bajo puente,,,,,LGBTIQ group,"Centro de Apoyo a las Identidades Trans & El Universal, 27.08.2018",,Cordova,,False,False
"Sudamérica, Latinoamérica y el Caribe::Colombia",Cali,3.4519988|-76.5325259,mujer trans / trans femenina / trans femme / mujer transgénero,,Desconocida,peluquería / estilista / esteticista,no es migrante,Colombia,Black,41 a 50,,TDoR 2018,2018,2018/09/28,,asfixia / inhalación de humo / asfixia,residencia propia,,,,,LGBTIQ group,"Centro de Apoyo a las Identidades Trans & Publimetro, 28.09.2018",,Cali,,False,False
"Sudamérica, Latinoamérica y el Caribe::Colombia",Cali,3.4519988|-76.5325259,mujer trans / trans femenina / trans femme / mujer transgénero,,Desconocida,,no es migrante,Colombia,Black,,,TDoR 2019,2018,2018/12/28,,,,,,,,LGBTIQ group,Centro de Apoyo a las Identidades Trans,,Cali,,False,False
"Sudamérica, Latinoamérica y el Caribe::Colombia",Tulua,4.0856667|-76.1972779,mujer trans / trans femenina / trans femme / mujer transgénero,,Desconocida,artista / intérprete,no es migrante,Colombia,Black,,,TDoR 2019,2019,2019/01/06,,tiroteo,calle,1,,,,LGBTIQ group,Centro de Apoyo a las Identidades Trans,,Tulua,,False,False
"Sudamérica, Latinoamérica y el Caribe::Colombia",Barranquilla,10.9938599|-74.7926118,mujer trans / trans femenina / trans femme / mujer transgénero,,Desconocida,trabajadorx sexual,no es migrante,Colombia,,19 a 25,,TDoR 2019,2019,2019/06/03,,apuñalamiento,calle,1,cliente de trabajo sexual,,,LGBTIQ group,Centro de Apoyo a las Identidades Trans,autor detenido,Barranquilla,,True,False
"Sudamérica, Latinoamérica y el Caribe::Colombia",Cali,3.4519988|-76.5325259,mujer trans / trans femenina / trans femme / mujer transgénero,,Desconocida,,no es migrante,Colombia,Black,19 a 25,,TDoR 2019,2018,2018/12/14,,,residencia propia,,,,,LGBTIQ group,Centro de Apoyo a las Identidades Trans,,Cali,,False,False
"Sudamérica, Latinoamérica y el Caribe::Colombia",Cali,3.4519988|-76.5325259,mujer trans / trans femenina / trans femme / mujer transgénero,,Desconocida,,no es migrante,Colombia,Black,31 a 40,,TDoR 2019,2019,2019/01/01,,apuñalamiento,,,,,,LGBTIQ group,Centro de Apoyo a las Identidades Trans,,Cali,,False,False
"Sudamérica, Latinoamérica y el Caribe::Colombia",Huila,1.9290724|-76.2160521456146,mujer trans / trans femenina / trans femme / mujer transgénero,,Desconocida,peluquería / estilista / esteticista,no es migrante,Colombia,Black,41 a 50,,TDoR 2019,2019,2019/04/08,,asfixia / inhalación de humo / asfixia,residencia propia,,,,,LGBTIQ group,Centro de Apoyo a las Identidades Trans,,,Huila,False,True
"Sudamérica, Latinoamérica y el Caribe::Colombia",Bucaramanga,7.1274697|-73.1191168,mujer trans / trans femenina / trans femme / mujer transgénero,,Desconocida,trabajadorx sexual,no es migrante,Colombia,Black,,,TDoR 2019,2019,2019/04/21,,apuñalamiento,calle,1,,,,LGBTIQ group,Centro de Apoyo a las Identidades Trans,autor detenido,Bucaramanga,,True,False
"Sudamérica, Latinoamérica y el Caribe::Colombia",Tequendama,3.4208327|-76.5453099,mujer trans / trans femenina / trans femme / mujer transgénero,,Desconocida,,no es migrante,Colombia,Black,26 a 30,,TDoR 2019,2019,2019/09/03,,atropello por vehículo,calle,,,,,LGBTIQ group,Centro de Apoyo a las Identidades Trans,,Tequendama,,False,False
"Sudamérica, Latinoamérica y el Caribe::Colombia",Cartagena,10.4265566|-75.5441671,mujer trans / trans femenina / trans femme / mujer transgénero,,Desconocida,,,,,,,TDoR 2019,2019,2019/09/10,,,playa / ribera / río / lago / bajo puente,,,,,LGBTIQ group,Centro de Apoyo a las Identidades Trans,,Cartagena,,False,False
"Sudamérica, Latinoamérica y el Caribe::Colombia",Buga,3.9000578|-76.302013,mujer trans / trans femenina / trans femme / mujer transgénero,,Desconocida,,no es migrante,Colombia,Black,,,TDoR 2019,2018,2018/10/22,,,,,,,,LGBTIQ group,Centro de Apoyo a las Identidades Trans,,Buga,,False,False
"Sudamérica, Latinoamérica y el Caribe::Colombia",Bogotá,4.6533874|-74.0836332,mujer trans / trans femenina / trans femme / mujer transgénero,,Desconocida,,,,,,,TDoR 2019,2019,2019/03/14,,corte de garganta/degollamiento,residencia propia,,,,,LGBTIQ group,Centro de Apoyo a las Identidades Trans,,Bogotá,,False,False
"Sudamérica, Latinoamérica y el Caribe::Colombia",Medellín,6.2443382|-75.573553,mujer trans / trans femenina / trans femme / mujer transgénero,,Desconocida,trabajadorx sexual,no es migrante,Colombia,,,,TDoR 2019,2019,2019/07/07,,apuñalamiento,calle,1,conocido/a,,,LGBTIQ group,Centro de Apoyo a las Identidades Trans,,Medellín,,False,False
"Sudamérica, Latinoamérica y el Caribe::Colombia",Cicuco,9.2778539|-74.643809,mujer trans / trans femenina / trans femme / mujer transgénero,,Desconocida,,no es migrante,Colombia,,51 a 60,,TDoR 2019,2019,2019/08/22,,paliza,calle,,,,,LGBTIQ group,Centro de Apoyo a las Identidades Trans,,Cicuco,,False,False
"Sudamérica, Latinoamérica y el Caribe::Colombia",Valle Del Cauca,4.3354563|-75.826515235457,mujer trans / trans femenina / trans femme / mujer transgénero,,Desconocida,peluquería / estilista / esteticista,no es migrante,Colombia,Black,,,TDoR 2019,2019,2019/09/28,,tiroteo,calle,,,,,LGBTIQ group,Centro de Apoyo a las Identidades Trans,,,Valle del Cauca,False,True
"Sudamérica, Latinoamérica y el Caribe::Colombia",Guaduas de Cundinamarca,5.06692|-74.59499,mujer transexual,,Desconocida,trabajadorx sexual,migrante internacional,,Black,26 a 30,,TDoR 2020,2019,2019/10/10,,tiroteo,calle,1,extraño / sin relación directa,,,LGBTIQ group,IBTE,caso en investigación,Guaduas de Cundinamarca,,True,False
"Sudamérica, Latinoamérica y el Caribe::Colombia",Bogotá,4.6533874|-74.0836332,mujer trans / trans femenina / trans femme / mujer transgénero,,Desconocida,trabajadorx sexual,no es migrante,Colombia,Black,26 a 30,,TDoR 2020,2019,2019/11/16,,otro,calle,1,conocido/a,,,LGBTIQ group,IBTE,sospechoso declarado inocente,Bogotá,,True,False
"Sudamérica, Latinoamérica y el Caribe::Colombia",Restrepo Valle,3.822009|-76.5222535,mujer trans / trans femenina / trans femme / mujer transgénero,,Desconocida,trabajadorx sexual,no es migrante,Colombia,Black,41 a 50,,TDoR 2020,2019,2019/11/17,,apuñalamiento,calle,3,,,,LGBTIQ group,IBTE,caso en investigación,Restrepo Valle,,True,False
"Sudamérica, Latinoamérica y el Caribe::Colombia",Santa Marta,11.2320944|-74.1950916,mujer trans / trans femenina / trans femme / mujer transgénero,,Desconocida,peluquería / estilista / esteticista,no es migrante,Colombia,Black,19 a 25,,TDoR 2020,2020,2020/06/13,,apuñalamiento,residencia propia,1,pareja / amante / cónyuge,,,LGBTIQ group,IBTE,,Santa Marta,,False,False
"Sudamérica, Latinoamérica y el Caribe::Colombia",Valledupar,10.4651733|-73.2529512,mujer trans / trans femenina / trans femme / mujer transgénero,,Desconocida,peluquería / estilista / esteticista,no es migrante,Colombia,Black,41 a 50,,TDoR 2020,2020,2020/07/11,,apuñalamiento,calle,1,,,,LGBTIQ group,IBTE,caso en investigación,Valledupar,,True,False
"Sudamérica, Latinoamérica y el Caribe::Colombia",Miranda,3.2511475|-76.2291572,mujer trans / trans femenina / trans femme / mujer transgénero,,Desconocida,,no es migrante,Colombia,Black,31 a 40,,TDoR 2020,2020,2020/09/24,,tiroteo,coche / furgoneta / taxi / vehículo de transporte,1,policía / militar / ejército,,,LGBTIQ group,IBTE,autor detenido,Miranda,,True,False
"Sudamérica, Latinoamérica y el Caribe::Colombia",Bucaramanga,7.1274697|-73.1191168,mujer trans / trans femenina / trans femme / mujer transgénero,,Desconocida,trabajadorx sexual,no es migrante,Colombia,Black,26 a 30,,TDoR 2020,2019,2019/10/19,,apuñalamiento,calle,1,cliente de trabajo sexual,,,LGBTIQ group,IBTE,caso en investigación,Bucaramanga,,True,False
"Sudamérica, Latinoamérica y el Caribe::Colombia",Santa Fé,9.3003834|-74.7116467,mujer transexual,,Desconocida,trabajadorx sexual,migrante internacional,,White,19 a 25,,TDoR 2020,2019,2019/12/20,,apuñalamiento,calle,1,co-worker,,,LGBTIQ group,IBTE,autor detenido,Santa Fé,,True,False
"Sudamérica, Latinoamérica y el Caribe::Colombia",Huila,1.9290724|-76.2160521456146,mujer trans / trans femenina / trans femme / mujer transgénero,,Desconocida,trabajadorx sexual,,,,19 a 25,,TDoR 2020,2020,2020/01/18,,tiroteo,calle,2,,,,LGBTIQ group,Centro de Apoyo a las Identidades Trans,caso en investigación,,Huila,True,True
"Sudamérica, Latinoamérica y el Caribe::Colombia",Medellín,6.2443382|-75.573553,trans / transgénero,,Desconocida,,no es migrante,Colombia,,,,TDoR 2020,2020,2020/01/20,,tiroteo,playa / ribera / río / lago / bajo puente,,,,,LGBTIQ group,IBTE,caso en investigación,Medellín,,True,False
"Sudamérica, Latinoamérica y el Caribe::Colombia",Barranquilla,10.9938599|-74.7926118,mujer trans / trans femenina / trans femme / mujer transgénero,,Desconocida,,no es migrante,Colombia,Black,31 a 40,,TDoR 2020,2020,2020/04/16,,apuñalamiento,matorral / campo / pastizales / zona rural / arboleda / bosque,1,,,,LGBTIQ group,IBTE,,Barranquilla,,False,False
"Sudamérica, Latinoamérica y el Caribe::Colombia",Bogotá,4.6533874|-74.0836332,mujer trans / trans femenina / trans femme / mujer transgénero,,Desconocida,trabajadorx sexual,no es migrante,Colombia,Black,31 a 40,,TDoR 2020,2020,2020/05/29,,otro,calle,multiple,médico / enfermera / proveedor de atención médica,,,LGBTIQ group,IBTE,,Bogotá,,False,False
"Sudamérica, Latinoamérica y el Caribe::Colombia",Buga,3.9000578|-76.302013,mujer trans / trans femenina / trans femme / mujer transgénero,,Desconocida,empleado / funcionario público / empleado,no es migrante,Colombia,White,19 a 25,,TDoR 2020,2020,2020/08/04,,paliza,otro,,,,,LGBTIQ group,IBTE,sospechoso identificado,Buga,,True,False
"Sudamérica, Latinoamérica y el Caribe::Colombia",Santa Marta,11.2320944|-74.1950916,mujer trans / trans femenina / trans femme / mujer transgénero,,Desconocida,trabajadorx sexual,migrante internacional,Venezuela,Black,,,TDoR 2020,2020,2020/08/19,,tiroteo,autopista / circunvalación / carretera,1,cliente de trabajo sexual,,,LGBTIQ group,IBTE,,Santa Marta,,False,False
"Sudamérica, Latinoamérica y el Caribe::Colombia",Copacabana,6.3461047|-75.5080262,trans / transgénero,,Desconocida,trabajadorx sexual,no es migrante,Colombia,,19 a 25,,TDoR 2020,2020,2020/09/08,,tiroteo,autopista / circunvalación / carretera,,,,,LGBTIQ group,IBTE,caso en investigación,Copacabana,,True,False
"Sudamérica, Latinoamérica y el Caribe::Colombia",Bogotá,4.6533874|-74.0836332,mujer trans / trans femenina / trans femme / mujer transgénero,,Desconocida,peluquería / estilista / esteticista,no es migrante,Colombia,Black,19 a 25,,TDoR 2020,2020,2020/01/09,,apuñalamiento,calle,1,extraño / sin relación directa,,,LGBTIQ group,IBTE,,Bogotá,,False,False
"Sudamérica, Latinoamérica y el Caribe::Colombia",Barranquilla,10.9938599|-74.7926118,mujer trans / trans femenina / trans femme / mujer transgénero,,Desconocida,,no es migrante,Colombia,White,26 a 30,,TDoR 2020,2020,2020/06/14,,apuñalamiento,calle,1,,,,LGBTIQ group,IBTE,caso en investigación,Barranquilla,,True,False
"Sudamérica, Latinoamérica y el Caribe::Colombia",Medellín,6.2443382|-75.573553,mujer trans / trans femenina / trans femme / mujer transgénero,,Desconocida,trabajadorx sexual,no es migrante,Colombia,Black,19 a 25,,TDoR 2020,2020,2020/06/28,,apuñalamiento,otro,1,,,,LGBTIQ group,IBTE,caso en investigación,Medellín,,True,False
"Sudamérica, Latinoamérica y el Caribe::Colombia",Medellín,6.2443382|-75.573553,mujer trans / trans femenina / trans femme / mujer transgénero,,Desconocida,trabajadorx sexual,no es migrante,Colombia,,,,TDoR 2020,2020,2020/07/06,,apuñalamiento,calle,multiple,,,,LGBTIQ group,IBTE,sospechoso identificado,Medellín,,True,False
"Sudamérica, Latinoamérica y el Caribe::Colombia",Circasia,0.6694512|-76.465633,hombre trans / trans masculino / hombre transgénero,,Desconocida,,no es migrante,Colombia,Black,19 a 25,,TDoR 2020,2020,2020/07/04,,tiroteo,matorral / campo / pastizales / zona rural / arboleda / bosque,1,,,,LGBTIQ group,IBTE,caso desestimado,Circasia,,False,False
"Sudamérica, Latinoamérica y el Caribe::Colombia",Cali,3.4519988|-76.5325259,mujer trans / trans femenina / trans femme / mujer transgénero,,Desconocida,vendedor / comerciante,no es migrante,Colombia,White,41 a 50,,TDoR 2021,2020,2020/12/02,,tiroteo,residencia propia,1,,,,LGBTIQ group,IBTE,caso en investigación,Cali,,True,False
"Sudamérica, Latinoamérica y el Caribe::Colombia",Sincelejo,9.2973386|-75.3926601,mujer trans / trans femenina / trans femme / mujer transgénero,,Desconocida,trabajadorx sexual,no es migrante,Colombia,Black,31 a 40,,TDoR 2021,2021,2021/02/06,,apuñalamiento,calle,1,vecino/a,,,LGBTIQ group,IBTE,otro,Sincelejo,,True,False
"Sudamérica, Latinoamérica y el Caribe::Colombia",Yumbo,3.5834664|-76.4952223,mujer trans / trans femenina / trans femme / mujer transgénero,,Desconocida,peluquería / estilista / esteticista,no es migrante,Colombia,Black,,,TDoR 2021,2021,2021/02/15,,tiroteo,peluquería / salón de belleza,,,,,LGBTIQ group,IBTE,caso en investigación,Yumbo,,True,False
"Sudamérica, Latinoamérica y el Caribe::Colombia",Magangué,9.2412097|-74.7567413,mujer trans / trans femenina / trans femme / mujer transgénero,,Desconocida,peluquería / estilista / esteticista,no es migrante,Colombia,Black,41 a 50,,TDoR 2021,2021,2021/05/23,,apuñalamiento,calle,1,extraño / sin relación directa,,,LGBTIQ group,IBTE,caso en investigación,Magangué,,True,False
"Sudamérica, Latinoamérica y el Caribe::Colombia",Bogotá,4.6533874|-74.0836332,mujer trans / trans femenina / trans femme / mujer transgénero,,Desconocida,trabajadorx sexual,no es migrante,Colombia,White,,,TDoR 2021,2021,2021/06/10,,,residencia propia,,,,,LGBTIQ group,IBTE,caso en investigación,Bogotá,,True,False
"Sudamérica, Latinoamérica y el Caribe::Colombia",Medellín,6.2443382|-75.573553,mujer trans / trans femenina / trans femme / mujer transgénero,,Desconocida,,no es migrante,Colombia,White,19 a 25,,TDoR 2021,2021,2021/07/05,,tiroteo,calle,,,,,LGBTIQ group,IBTE & Centro de Apoyo a las Identidades Trans,caso en investigación,Medellín,,True,False
"Sudamérica, Latinoamérica y el Caribe::Colombia",Bolívar,5.9899805|-73.770548,mujer trans / trans femenina / trans femme / mujer transgénero,,Desconocida,,no es migrante,Colombia,Black,26 a 30,,TDoR 2021,2020,2020/10/04,,apuñalamiento,calle,,,,,LGBTIQ group,Trans Lives Matter,,,Bolívar,False,True
"Sudamérica, Latinoamérica y el Caribe::Colombia",Bogotá,4.6533874|-74.0836332,mujer trans / trans femenina / trans femme / mujer transgénero,,Desconocida,,no es migrante,Colombia,White,,,TDoR 2021,2021,2021/01/28,,apuñalamiento,calle,,,,,LGBTIQ group,IBTE,caso en investigación,Bogotá,,True,False
"Sudamérica, Latinoamérica y el Caribe::Colombia",Cali,3.4519988|-76.5325259,mujer trans / trans femenina / trans femme / mujer transgénero,,Desconocida,trabajadorx sexual,no es migrante,Colombia,Black,,,TDoR 2021,2021,2021/02/06,,apuñalamiento,calle,,,,,LGBTIQ group,IBTE,caso en investigación,Cali,,True,False
"Sudamérica, Latinoamérica y el Caribe::Colombia",Calarcá,4.5305516|-75.6406048,mujer trans / trans femenina / trans femme / mujer transgénero,,Desconocida,,no es migrante,Colombia,Black,31 a 40,,TDoR 2021,2021,2021/02/12,,apuñalamiento,calle,,,,,LGBTIQ group,IBTE,caso en investigación,Calarcá,,True,False
"Sudamérica, Latinoamérica y el Caribe::Colombia",Cali,3.4519988|-76.5325259,mujer trans / trans femenina / trans femme / mujer transgénero,,Desconocida,,no es migrante,Colombia,Black,,,TDoR 2021,2021,2021/04/13,,otro,calle,,,,,LGBTIQ group,IBTE,,Cali,,False,False
"Sudamérica, Latinoamérica y el Caribe::Colombia",Magdalena,6.299524|-75.218414,mujer transexual,,Desconocida,,no es migrante,Colombia,Black,41 a 50,,TDoR 2021,2021,2021/04/15,,tiroteo,,2,,,,LGBTIQ group,IBTE & Centro de Apoyo a las Identidades Trans,caso en investigación,,Magdalena,True,True
"Sudamérica, Latinoamérica y el Caribe::Colombia",Bogota,4.6533874|-74.0836332,mujer trans / trans femenina / trans femme / mujer transgénero,,Desconocida,peluquería / estilista / esteticista,no es migrante,Colombia,Black,,,TDoR 2021,2021,2021/05/17,,apuñalamiento,calle,,,,,LGBTIQ group,IBTE,,Bogotá,,False,False
"Sudamérica, Latinoamérica y el Caribe::Colombia",Pelaya,8.6857187|-73.6690054,mujer trans / trans femenina / trans femme / mujer transgénero,,Desconocida,trabajadorx sexual,no es migrante,Colombia,Black,26 a 30,,TDoR 2021,2021,2021/05/29,,tiroteo,calle,1,extraño / sin relación directa,,,LGBTIQ group,IBTE,caso en investigación,Pelaya,,True,False
"Sudamérica, Latinoamérica y el Caribe::Colombia",El Copey,10.1492075|-73.9611708,mujer trans / trans femenina / trans femme / mujer transgénero,,Desconocida,trabajadorx sexual,no es migrante,Colombia,Black,26 a 30,,TDoR 2021,2021,2021/06/08,,apuñalamiento,calle,1,extraño / sin relación directa,,,LGBTIQ group,IBTE,caso en investigación,El Copey,,True,False
"Sudamérica, Latinoamérica y el Caribe::Colombia",Tunja,5.5324313|-73.3616014,mujer trans / trans femenina / trans femme / mujer transgénero,,Desconocida,,migrante internacional,Venezuela,White,,,TDoR 2021,2021,2021/06/28,,estrangulamiento / ahorcamiento,otro,,,,,LGBTIQ group,IBTE,caso en investigación,Tunja,,True,False
"Sudamérica, Latinoamérica y el Caribe::Colombia",Rio Negro,2.211275|-76.546335,mujer trans / trans femenina / trans femme / mujer transgénero,,Desconocida,,no es migrante,Colombia,Black,,,TDoR 2021,2021,2021/07/06,,,playa / ribera / río / lago / bajo puente,,,,,LGBTIQ group,IBTE & Centro de Apoyo a las Identidades Trans,caso en investigación,Rio Negro,,True,False
"Sudamérica, Latinoamérica y el Caribe::Colombia",Cali,3.4519988|-76.5325259,mujer trans / trans femenina / trans femme / mujer transgénero,,Desconocida,,no es migrante,Colombia,White,,,TDoR 2021,2021,2021/08/15,,otro,,,,,,LGBTIQ group,IBTE,,Cali,,False,False
"Sudamérica, Latinoamérica y el Caribe::Colombia",Doradal,5.8994679|-74.7340584,mujer trans / trans femenina / trans femme / mujer transgénero,,Desconocida,trabajadorx sexual,no es migrante,Colombia,White,,,TDoR 2021,2021,2021/08/15,,apuñalamiento,calle,1,,,,LGBTIQ group,IBTE,caso en investigación,Doradal,,True,False
"Sudamérica, Latinoamérica y el Caribe::Colombia",Ipiales,0.8236934|-77.6349296,trans / transgénero,,Desconocida,,no es migrante,Colombia,Black,,,TDoR 2021,2020,2020/12/30,,apuñalamiento,,,,,,LGBTIQ group,IBTE,caso desestimado,Ipiales,,False,False
"Sudamérica, Latinoamérica y el Caribe::Colombia",Mariquita,5.1974195|-74.8939527,mujer trans / trans femenina / trans femme / mujer transgénero,,Desconocida,peluquería / estilista / esteticista,no es migrante,Colombia,White,,,TDoR 2021,2021,2021/01/02,,tiroteo,calle,,,,,LGBTIQ group,IBTE,caso en investigación,Mariquita,,True,False
"Sudamérica, Latinoamérica y el Caribe::Colombia",Buga,3.9000578|-76.302013,mujer trans / trans femenina / trans femme / mujer transgénero,,Desconocida,,no es migrante,Colombia,Black,19 a 25,,TDoR 2021,2021,2021/03/28,,apuñalamiento,otro,,,,,LGBTIQ group,IBTE & Centro de Apoyo a las Identidades Trans,caso en investigación,Buga,,True,False
"Sudamérica, Latinoamérica y el Caribe::Colombia",Jamundí,3.2618357|-76.5407975,mujer trans / trans femenina / trans femme / mujer transgénero,,Desconocida,,no es migrante,Colombia,White,,,TDoR 2021,2021,2021/05/26,,,calle,,,,,LGBTIQ group,IBTE,,Jamundí,,False,False
"Sudamérica, Latinoamérica y el Caribe::Colombia",Chinchiná,4.9830232|-75.6054129,mujer trans / trans femenina / trans femme / mujer transgénero,,Desconocida,,no es migrante,Colombia,White,19 a 25,,TDoR 2021,2021,2021/06/19,,apuñalamiento,otro,1,extraño / sin relación directa,,,LGBTIQ group,IBTE,caso en investigación,Chinchiná,,True,False
"Sudamérica, Latinoamérica y el Caribe::Colombia",Rozo,4.7929923|-74.1249841,mujer trans / trans femenina / trans femme / mujer transgénero,,Desconocida,,no es migrante,Colombia,Black,,,TDoR 2021,2021,2021/08/15,,otro,,,,,,LGBTIQ group,IBTE,,Rozo,,False,False
"Sudamérica, Latinoamérica y el Caribe::Colombia",Manizales,5.0668907|-75.5066661,trans / transgénero,,Desconocida,trabajadorx sexual,no es migrante,Colombia,White,,,TDoR 2022,2021,2021/10/10,,,hotel / motel / autocine,1,cliente de trabajo sexual,trabajo sexual,,social media,Rede Trans Brasil / Observatório Trans / Projeto Travessia,caso en investigación,Manizales,,True,False
"Sudamérica, Latinoamérica y el Caribe::Colombia","Armenia, Quindío",4.536307|-75.6723751,trans / transgénero,,Desconocida,,no es migrante,Colombia,Black,41 a 50,,TDoR 2022,2022,2022/02/16,,apuñalamiento,calle,,,otro,,press,Rede Trans Brasil / Observatório Trans / Projeto Travessia,caso en investigación,Armenia,Quindío,True,False
"Sudamérica, Latinoamérica y el Caribe::Colombia","Bucaramanga, Santander",7.1274697|-73.1191168,trans / transgénero,,Desconocida,peluquería / estilista / esteticista,no es migrante,Colombia,White,41 a 50,,TDoR 2022,2022,2022/03/11,,apuñalamiento,peluquería / salón de belleza,1,,,,press,Rede Trans Brasil / Observatório Trans / Projeto Travessia,caso en investigación,Bucaramanga,Santander,True,False
"Sudamérica, Latinoamérica y el Caribe::Colombia",Santander de Quilichao,3.0075752|-76.4856531,mujer trans / trans femenina / trans femme / mujer transgénero,,Desconocida,,no es migrante,Colombia,Black,,,TDoR 2022,2021,2021/10/06,,apuñalamiento,calle,,,,,press,Rede Trans Brasil / Observatório Trans / Projeto Travessia,caso en investigación,Santander de Quilichao,,True,False
"Sudamérica, Latinoamérica y el Caribe::Colombia","Segovia, Antioquia",7.081679|-74.7009089,mujer trans / trans femenina / trans femme / mujer transgénero,,Desconocida,,no es migrante,Colombia,White,26 a 30,,TDoR 2022,2021,2021/11/28,,tiroteo,calle,1,extraño / sin relación directa,,,press,Rede Trans Brasil / Observatório Trans / Projeto Travessia,caso en investigación,Segovia,Antioquia,True,False
"Sudamérica, Latinoamérica y el Caribe::Colombia","Santa Marta, Magdalena",11.2320944|-74.1950916,mujer trans / trans femenina / trans femme / mujer transgénero,,Desconocida,,no es migrante,Colombia,Black,,,TDoR 2022,2021,2021/12/07,,tiroteo,residencia propia,1,organised hate group / gang,,,press,Rede Trans Brasil / Observatório Trans / Projeto Travessia,caso en investigación,Santa Marta,Magdalena,True,False
"Sudamérica, Latinoamérica y el Caribe::Colombia","Riohacha, La Guajira",11.5449387|-72.9150522,mujer trans / trans femenina / trans femme / mujer transgénero,,Desconocida,,migrante internacional,Venezuela,Black,,,TDoR 2022,2021,2021/12/07,,apuñalamiento,calle,1,,,,press,Rede Trans Brasil / Observatório Trans / Projeto Travessia,caso en investigación,Riohacha,La Guajira,True,False
"Sudamérica, Latinoamérica y el Caribe::Colombia",Tunja,5.5324313|-73.3616014,mujer trans / trans femenina / trans femme / mujer transgénero,,Desconocida,,no es migrante,Colombia,,,,TDoR 2022,2022,2022/01/01,,tortura,autopista / circunvalación / carretera,3,extraño / sin relación directa,identidad de género / expresión de género,diferencias entre sospechoso y víctima,press,,autor sentenciado,Tunja,,True,False
"Sudamérica, Latinoamérica y el Caribe::Colombia",Bogota,4.6533874|-74.0836332,mujer trans / trans femenina / trans femme / mujer transgénero,,Desconocida,peluquería / estilista / esteticista,no es migrante,Colombia,,,,TDoR 2022,2022,2022/01/01,,estrangulamiento / ahorcamiento,residencia propia,,,,,press,,caso en investigación,Bogotá,,True,False
"Sudamérica, Latinoamérica y el Caribe::Colombia","Ibagué, Tolima",4.4386033|-75.2108857,trans / transgénero,,Desconocida,trabajadorx sexual,migrante internacional,Venezuela,Black,26 a 30,,TDoR 2022,2022,2022/02/06,,apuñalamiento,lugar de trabajo sexual o cerca,1,cliente de trabajo sexual,trabajo sexual,,press,Rede Trans Brasil / Observatório Trans / Projeto Travessia,autor detenido,Ibagué,Tolima,True,False
"Sudamérica, Latinoamérica y el Caribe::Colombia","Manizales, Caldas",5.0668907|-75.5066661,trans / transgénero,,Desconocida,trabajadorx sexual,migrante internacional,Venezuela,White,,,TDoR 2022,2022,2022/02/19,,apuñalamiento,residencia propia,,,trabajo sexual,,press,Rede Trans Brasil / Observatório Trans / Projeto Travessia,caso en investigación,Manizales,Caldas,True,False
"Sudamérica, Latinoamérica y el Caribe::Colombia","Puerto Tejada, Cauca",3.2288972|-76.4192267,trans / transgénero,,Desconocida,,no es migrante,Colombia,Black,19 a 25,,TDoR 2022,2022,2022/02/20,,tiroteo,calle,,,,,press,Rede Trans Brasil / Observatório Trans / Projeto Travessia,caso en investigación,Puerto Tejada,Cauca,True,False
"Sudamérica, Latinoamérica y el Caribe::Colombia","Santa Elena, Valle del Cauca",3.6585218|-76.2460289,mujer trans / trans femenina / trans femme / mujer transgénero,,Desconocida,artista / intérprete,no es migrante,Colombia,White,,,TDoR 2022,2022,2022/04/22,,,calle,,,,,press,Rede Trans Brasil / Observatório Trans / Projeto Travessia,caso en investigación,Santa Elena,Valle del Cauca,True,False
"Sudamérica, Latinoamérica y el Caribe::Colombia","Santa Rosa de Cabal, Risaralda",4.8650708|-75.6211554,mujer trans / trans femenina / trans femme / mujer transgénero,,Desconocida,otro,no es migrante,Colombia,,41 a 50,,TDoR 2022,2022,2022/05/07,,apuñalamiento,calle,1,,otro,,press,Rede Trans Brasil / Observatório Trans / Projeto Travessia,caso en investigación,Santa Rosa de Cabal,Risaralda,True,False
"Sudamérica, Latinoamérica y el Caribe::Colombia","El Banco, Magdalena",9.0049173|-73.9738472,mujer trans / trans femenina / trans femme / mujer transgénero,,Desconocida,,no es migrante,Colombia,Black,19 a 25,,TDoR 2022,2022,2022/06/04,,tiroteo,matorral / campo / pastizales / zona rural / arboleda / bosque,,,,,press,Rede Trans Brasil / Observatório Trans / Projeto Travessia,caso en investigación,El Banco,Magdalena,True,False
"Sudamérica, Latinoamérica y el Caribe::Colombia","Bogotá, Distrito Capital",4.6533874|-74.0836332,mujer trans / trans femenina / trans femme / mujer transgénero,,Desconocida,,no es migrante,Colombia,Black,31 a 40,,TDoR 2022,2022,2022/08/19,,tiroteo,calle,1,extraño / sin relación directa,,,press,Rede Trans Brasil / Observatório Trans / Projeto Travessia,autor detenido,Bogotá,Distrito Capital,True,False
"Sudamérica, Latinoamérica y el Caribe::Colombia","Arauca, Caldas",5.1110287|-75.7020957,trans / transgénero,,Desconocida,trabajadorx sexual,no es migrante,Colombia,Black,19 a 25,,TDoR 2022,2021,2021/11/20,,tiroteo,lugar de trabajo sexual o cerca,2,,trabajo sexual,,press,Rede Trans Brasil / Observatório Trans / Projeto Travessia,caso en investigación,Arauca,Caldas,True,False
"Sudamérica, Latinoamérica y el Caribe::Colombia","Bogotá, Distrito Capital",4.6533874|-74.0836332,mujer trans / trans femenina / trans femme / mujer transgénero,,Desconocida,trabajadorx sexual,no es migrante,Colombia,Black,,,TDoR 2022,2021,2021/12/07,,apuñalamiento,calle,1,extraño / sin relación directa,trabajo sexual,,press,Rede Trans Brasil / Observatório Trans / Projeto Travessia,caso en investigación,Bogotá,Distrito Capital,True,False
"Sudamérica, Latinoamérica y el Caribe::Colombia","Pereira, Risaralda",4.8143159|-75.6946778,mujer trans / trans femenina / trans femme / mujer transgénero,,Desconocida,trabajadorx sexual,no es migrante,Colombia,White,26 a 30,,TDoR 2022,2021,2021/12/22,,apuñalamiento,residencia propia,1,cliente de trabajo sexual,trabajo sexual,,press,Rede Trans Brasil / Observatório Trans / Projeto Travessia,autor detenido,Pereira,Risaralda,True,False
"Sudamérica, Latinoamérica y el Caribe::Colombia","El Bagre, Antioquia",7.5989686|-74.8046507,mujer trans / trans femenina / trans femme / mujer transgénero,,Desconocida,,no es migrante,Colombia,,19 a 25,,TDoR 2022,2022,2022/04/03,,tiroteo,calle,,,,,press,Rede Trans Brasil / Observatório Trans / Projeto Travessia,caso en investigación,El Bagre,Antioquia,True,False
"Sudamérica, Latinoamérica y el Caribe::Colombia","Bogotá, Distrito Capital",4.6533874|-74.0836332,mujer trans / trans femenina / trans femme / mujer transgénero,,Desconocida,,no es migrante,Colombia,,,,TDoR 2022,2022,2022/04/06,,,calle,,,,,press,rede Trans Brasil / Observatório Trans / Projeto Travessia,caso en investigación,Bogotá,Distrito Capital,True,False
"Sudamérica, Latinoamérica y el Caribe::Colombia","Bucaramanga, Santander",7.1274697|-73.1191168,mujer trans / trans femenina / trans femme / mujer transgénero,,Desconocida,,no es migrante,Colombia,,26 a 30,,TDoR 2022,2022,2022/04/13,,apuñalamiento,calle,1,ex-pareja / ex-amante,,,press,Rede Trans Brasil / Observatório Trans / Projeto Travessia,caso en investigación,Bucaramanga,Santander,True,False
"Sudamérica, Latinoamérica y el Caribe::Colombia","Valledupar, Cesar",10.4651733|-73.2529512,mujer trans / trans femenina / trans femme / mujer transgénero,,Desconocida,activista / líder comunitarie,migrante internacional,Venezuela,,19 a 25,,TDoR 2022,2022,2022/04/17,,apuñalamiento,calle,1,co-worker,trabajo sexual,,press,Rede Trans Brasil / Observatório Trans / Projeto Travessia,caso en investigación,Valledupar,Cesar,True,False
"Sudamérica, Latinoamérica y el Caribe::Colombia","Pereira, Risaralda",4.8143159|-75.6946778,mujer trans / trans femenina / trans femme / mujer transgénero,,Desconocida,peluquería / estilista / esteticista,no es migrante,Colombia,Black,,,TDoR 2022,2022,2022/05/26,,tiroteo,parque / plaza pública / espacio / mercado / gasolinera,1,,,,press,rede Trans Brasil / Observatório Trans / Projeto Travessia,caso en investigación,Pereira,Risaralda,True,False
"Sudamérica, Latinoamérica y el Caribe::Colombia","Fonseca, La Guajira",10.7773005|-72.7985609,mujer trans / trans femenina / trans femme / mujer transgénero,,Desconocida,trabajadorx sexual,no es migrante,Colombia,Black,19 a 25,,TDoR 2022,2022,2022/06/24,,tiroteo,residencia propia,1,extraño / sin relación directa,,,press,Rede Trans Brasil / Observatório Trans / Projeto Travessia,caso en investigación,Fonseca,La Guajira,True,False
"Sudamérica, Latinoamérica y el Caribe::Colombia",Rionegro,6.1536166|-75.3741691,mujer trans / trans femenina / trans femme / mujer transgénero,,Desconocida,trabajadorx sexual,no es migrante,Colombia,Black,26 a 30,,TDoR 2022,2022,2022/07/07,,,lugar de trabajo sexual o cerca,1,cliente de trabajo sexual,trabajo sexual,,press,Rede Trans Brasil / Observatório Trans / Projeto Travessia,caso en investigación,Rionegro,,True,False
"Sudamérica, Latinoamérica y el Caribe::Colombia","Armenia, Quindío",4.536307|-75.6723751,mujer trans / trans femenina / trans femme / mujer transgénero,,Desconocida,,,,,31 a 40,,TDoR 2022,2022,2022/07/16,,apuñalamiento,,,,,,other,,,Armenia,Quindío,False,False
"Sudamérica, Latinoamérica y el Caribe::Colombia","Cali, Valle del Cauca",3.398212|-76.575703,mujer trans / trans femenina / trans femme / mujer transgénero,,Desconocida,trabajadorx sexual,no es migrante,Colombia,White,31 a 40,,TDoR 2022,2022,2022/07/27,,tiroteo,coche / furgoneta / taxi / vehículo de transporte,1,policía / militar / ejército,,,press,Rede Trans Brasil / Observatório Trans / Projeto Travessia,caso en investigación,Cali,Valle del Cauca,True,False
"Sudamérica, Latinoamérica y el Caribe::Colombia",Cali,3.4519988|-76.5325259,mujer trans / trans femenina / trans femme / mujer transgénero,,Desconocida,trabajadorx sexual,migrante internacional,Venezuela,Black,31 a 40,,TDoR 2023,2023,2023/04/21,,apuñalamiento,calle,1,extraño / sin relación directa,identidad de género / expresión de género,diferencias entre sospechoso y víctima,press,"Rede Trans Brasil / Observatório Trans, Centro de Apoyo a las Identidades Trans",,Cali,,False,False
"Sudamérica, Latinoamérica y el Caribe::Colombia",Acacías,3.9887317|-73.767432,mujer trans / trans femenina / trans femme / mujer transgénero,,Desconocida,trabajadorx sexual,no es migrante,Colombia,Black,,,TDoR 2023,2023,2023/07/08,,apuñalamiento,calle,1,extraño / sin relación directa,trabajo sexual,,press,"Rede Trans Brasil / Observatório Trans, Centro de Apoyo a las Identidades Trans",,Acacías,,False,False
"Sudamérica, Latinoamérica y el Caribe::Colombia",Malambo,10.8653387|-74.7746194,no-binarie,,Desconocida,empleado / funcionario público / empleado,no es migrante,Colombia,Black,,,TDoR 2023,2023,2023/07/13,,tiroteo,calle,,organised hate group / gang,otro,"lenguaje utilizado (escritos, gestos, graffiti)",press,"Rede Trans Brasil / Observatório Trans, Centro de Apoyo a las Identidades Trans",,Malambo,,False,False
"Sudamérica, Latinoamérica y el Caribe::Colombia",Medellín,6.2443382|-75.573553,mujer trans / trans femenina / trans femme / mujer transgénero,,Desconocida,trabajadorx sexual,migrante internacional,Venezuela,Black,26 a 30,,TDoR 2023,2023,2023/08/09,,apuñalamiento,lugar de trabajo sexual o cerca,1,cliente de trabajo sexual,trabajo sexual,grado / tipo de violencia,press,"Rede Trans Brasil / Observatório Trans, Centro de Apoyo a las Identidades Trans",,Medellín,,False,False
"Sudamérica, Latinoamérica y el Caribe::Colombia","Calarcá, Quindio",4.526265946199344|-75.64135430652395,mujer trans / trans femenina / trans femme / mujer transgénero,,Desconocida,trabajadorx sexual,no es migrante,Colombia,Black,26 a 30,,TDoR 2023,2022,2022/10/09,,apuñalamiento,matorral / campo / pastizales / zona rural / arboleda / bosque,,otro,otro,diferencias entre sospechoso y víctima,press,"Rede Trans Brasil / Observatório Trans, Centro de Apoyo a las Identidades Trans",,Calarcá,Quindío,False,False
"Sudamérica, Latinoamérica y el Caribe::Colombia",Bogotá,4.6533874|-74.0836332,mujer trans / trans femenina / trans femme / mujer transgénero,,Desconocida,,migrante internacional,Venezuela,,31 a 40,,TDoR 2023,2022,2022/12/04,,apuñalamiento,residencia propia,1,pareja / amante / cónyuge,identidad de género / expresión de género,,press,Rede Trans Brasil / Observatório Trans,,Bogotá,,False,False
"Sudamérica, Latinoamérica y el Caribe::Colombia","Villavicencio, Meta",4.1347644|-73.6201517,mujer trans / trans femenina / trans femme / mujer transgénero,,Desconocida,otro,no es migrante,Colombia,White,31 a 40,,TDoR 2023,2023,2023/01/18,,apuñalamiento,residencia propia,,,identidad de género / expresión de género,grado / tipo de violencia,press,"Rede Trans Brasil / Observatório Trans, Centro de Apoyo a las Identidades Trans",,Villavicencio,Meta,False,False
"Sudamérica, Latinoamérica y el Caribe::Colombia","Medellín, Antioquia",6.2443382|-75.573553,mujer trans / trans femenina / trans femme / mujer transgénero,,Desconocida,,no es migrante,Colombia,White,61 a 70,,TDoR 2023,2023,2023/01/19,,apuñalamiento,residencia propia,,,identidad de género / expresión de género,grado / tipo de violencia,press,"Rede Trans Brasil / Observatório Trans, Centro de Apoyo a las Identidades Trans",,Medellín,Antioquia,False,False
"Sudamérica, Latinoamérica y el Caribe::Colombia","Barranquilla, Atlántico",10.9938599|-74.7926118,mujer trans / trans femenina / trans femme / mujer transgénero,,Desconocida,,no es migrante,Colombia,Black,19 a 25,,TDoR 2023,2023,2023/02/11,,tiroteo,calle,1,,identidad de género / expresión de género,,press,Rede Trans Brasil / Observatório Trans,,Barranquilla,Atlántico,False,False
"Sudamérica, Latinoamérica y el Caribe::Colombia","Soledad, Atlántico",10.9149593|-74.7821054,mujer trans / trans femenina / trans femme / mujer transgénero,,Desconocida,peluquería / estilista / esteticista,no es migrante,Colombia,Black,41 a 50,,TDoR 2023,2023,2023/02/19,,tiroteo,calle,1,,identidad de género / expresión de género,grado / tipo de violencia,press,Rede Trans Brasil / Observatório Trans,,Soledad,Atlántico,False,False
"Sudamérica, Latinoamérica y el Caribe::Colombia","Cali, Valle Del Cauca",3.398212|-76.575703,mujer trans / trans femenina / trans femme / mujer transgénero,,Desconocida,trabajadorx sexual,no es migrante,Colombia,Black,26 a 30,,TDoR 2023,2023,2023/02/26,,tiroteo,calle,1,extraño / sin relación directa,trabajo sexual,grado / tipo de violencia,press,"Rede Trans Brasil / Observatório Trans, Centro de Apoyo a las Identidades Trans",,Cali,Valle del Cauca,False,False
"Sudamérica, Latinoamérica y el Caribe::Colombia",Neiva,2.9257038|-75.2893937,mujer trans / trans femenina / trans femme / mujer transgénero,,Desconocida,,no es migrante,Colombia,Black,26 a 30,,TDoR 2023,2023,2023/03/17,,apuñalamiento,calle,1,extraño / sin relación directa,otro,ubicación,press,Rede Trans Brasil / Observatório Trans,,Neiva,,False,False
"Sudamérica, Latinoamérica y el Caribe::Colombia",Bello,6.334997|-75.5582665,mujer trans / trans femenina / trans femme / mujer transgénero,,Desconocida,otro,no es migrante,Colombia,White,26 a 30,,TDoR 2023,2023,2023/03/24,,apuñalamiento,calle,1,,identidad de género / expresión de género,grado / tipo de violencia,press,"Rede Trans Brasil / Observatório Trans, Centro de Apoyo a las Identidades Trans",,Bello,,False,False
"Sudamérica, Latinoamérica y el Caribe::Colombia",San Benito Abad,8.9293556|-75.0269099,mujer trans / trans femenina / trans femme / mujer transgénero,,Desconocida,,no es migrante,Colombia,Black,26 a 30,,TDoR 2023,2023,2023/05/05,,apuñalamiento,otro,1,extraño / sin relación directa,identidad de género / expresión de género,grado / tipo de violencia,press,Rede Trans Brasil / Observatório Trans,,San Benito Abad,,False,False
"Sudamérica, Latinoamérica y el Caribe::Colombia",El Carmen de Bolívar,9.7169432|-75.1221847,mujer trans / trans femenina / trans femme / mujer transgénero,,Desconocida,activista / líder comunitarie,no es migrante,Colombia,Black,,,TDoR 2023,2023,2023/05/12,,tiroteo,residencia propia,2,organised hate group / gang,identidad de género / expresión de género,grupos de odio organizados,press,"Rede Trans Brasil / Observatório Trans, Centro de Apoyo a las Identidades Trans",,El Carmen de Bolívar,,False,False
"Sudamérica, Latinoamérica y el Caribe::Colombia",Malambo,10.8653387|-74.7746194,mujer trans / trans femenina / trans femme / mujer transgénero,,Desconocida,trabajadorx sexual,no es migrante,Colombia,Black,26 a 30,,TDoR 2023,2023,2023/05/28,,tiroteo,calle,,,identidad de género / expresión de género,grado / tipo de violencia,press,"Rede Trans Brasil / Observatório Trans, Centro de Apoyo a las Identidades Trans",,Malambo,,False,False
"Sudamérica, Latinoamérica y el Caribe::Colombia",Villavicencio,4.1347644|-73.6201517,mujer trans / trans femenina / trans femme / mujer transgénero,,Desconocida,,no es migrante,Colombia,Black,,,TDoR 2023,2023,2023/07/10,,,,,,,,LGBTIQ group,"Centro de Apoyo a las Identidades Trans, Caribe Afirmativo",,Villavicencio,,False,False
"Sudamérica, Latinoamérica y el Caribe::Colombia",San Antonio-Chaparral,3.91423|-75.48008,no-binarie,,Desconocida,,,,,41 a 50,,TDoR 2023,2023,2023/08/08,,tiroteo,lugar de trabajo / oficina,,,,,press,Caribe Afirmativo,,San Antonio-Chaparral,,False,False
"Sudamérica, Latinoamérica y el Caribe::Colombia",Medellín,6.2443382|-75.573553,mujer trans / trans femenina / trans femme / mujer transgénero,,Desconocida,trabajadorx sexual,no es migrante,Colombia,White,31 a 40,,TDoR 2023,2023,2023/08/14,,estrangulamiento / ahorcamiento,residencia propia,,,identidad de género / expresión de género,,press,"Rede Trans Brasil / Observatório Trans, Centro de Apoyo a las Identidades Trans",,Medellín,,False,False
"Sudamérica, Latinoamérica y el Caribe::Colombia","Mariquita, Tolima",5.1974195|-74.8939527,mujer trans / trans femenina / trans femme / mujer transgénero,,Desconocida,vendedor / comerciante,no es migrante,Colombia,,31 a 40,,TDoR 2023,2022,2022/11/25,,tiroteo,calle,1,extraño / sin relación directa,otro,otro,press,Rede Trans Brasil / Observatório Trans,,Mariquita,Tolima,False,False
"Sudamérica, Latinoamérica y el Caribe::Colombia",Bogotá,4.6533874|-74.0836332,mujer trans / trans femenina / trans femme / mujer transgénero,,Desconocida,empleado / funcionario público / empleado,no es migrante,Colombia,Black,19 a 25,,TDoR 2023,2023,2023/06/08,,tiroteo,calle,2,organised hate group / gang,,,press,"Rede Trans Brasil / Observatório Trans, Centro de Apoyo a las Identidades Trans",,Bogotá,,False,False
"Sudamérica, Latinoamérica y el Caribe::Colombia","Sincelejo, Sucre",9.2973386|-75.3926601,mujer trans / trans femenina / trans femme / mujer transgénero,endosex,Desconocida,,no es migrante,Colombia,Black,,no,TDoR 2024,2023,2023/10/31,,tiroteo,calle,1,organised hate group / gang,identidad de género / expresión de género,grado / tipo de violencia,LGBTIQ group,Caribe afirmativo; Centro de Apoyo a las Identidades Trans; Red Sin Violencia LGBTI; Trans Lives Matter tdor.translivesmatter.info,,Sincelejo,Sucre,False,False
"Sudamérica, Latinoamérica y el Caribe::Colombia","Barranquilla, Atlántico",10.9938599|-74.7926118,mujer trans / trans femenina / trans femme / mujer transgénero,,Desconocida,,no es migrante,Colombia,Black,26 a 30,,TDoR 2024,2023,2023/11/03,,tiroteo,calle,1,,,,press,Red Sin Violencia LGBTI,,Barranquilla,Atlántico,False,False
"Sudamérica, Latinoamérica y el Caribe::Colombia","Bogotá, Distrito Capital",4.6533816|-74.0836333,mujer trans / trans femenina / trans femme / mujer transgénero,endosex,Desconocida,trabajadorx sexual,no es migrante,Colombia,Black,26 a 30,no,TDoR 2024,2023,2023/11/08,,apuñalamiento,hotel / motel / autocine,,,trabajo sexual,grado / tipo de violencia,press,Centro de Apoyo a las Identidades Trans; Trans Lives Matter tdor.translivesmatter.info,,Bogotá,Distrito Capital,False,False
"Sudamérica, Latinoamérica y el Caribe::Colombia","Cali, Valle del Cauca",3.398212|-76.575703,mujer trans / trans femenina / trans femme / mujer transgénero,,Desconocida,,no es migrante,Colombia,Black,,no,TDoR 2024,2024,2024/02/29,,,,,,identidad de género / expresión de género,,press,Centro de Apoyo a las Identidades Trans; Trans Lives Matter tdor.translivesmatter.info,,Cali,Valle del Cauca,False,False
"Sudamérica, Latinoamérica y el Caribe::Colombia","Flandes, Tolima",4.2864999|-74.813697,mujer trans / trans femenina / trans femme / mujer transgénero,endosex,Desconocida,,migrante interno / doméstico,Colombia,Black,,no,TDoR 2024,2024,2024/03/25,,tiroteo,calle,2,organised hate group / gang,identidad de género / expresión de género,grado / tipo de violencia,press,Centro de Apoyo a las Identidades Trans; Trans Lives Matter tdor.translivesmatter.info,,Flandes,Tolima,False,False
"Sudamérica, Latinoamérica y el Caribe::Colombia","Bogotá, Distrito Capital",4.6533816|-74.0836333,mujer trans / trans femenina / trans femme / mujer transgénero,endosex,Desconocida,trabajadorx sexual,migrante interno / doméstico,Colombia,Black,19 a 25,no,TDoR 2024,2024,2024/04/25,,otro,hotel / motel / autocine,3,cliente de trabajo sexual,trabajo sexual,grado / tipo de violencia,press,Caribe afirmativo; Centro de Apoyo a las Identidades Trans; Trans Lives Matter tdor.translivesmatter.info,,Bogotá,Distrito Capital,False,False
"Sudamérica, Latinoamérica y el Caribe::Colombia","Tadó, Chocó",5.2639656|-76.5587372,mujer trans / trans femenina / trans femme / mujer transgénero,endosex,Desconocida,,no es migrante,Colombia,Black,15 a 18,no,TDoR 2024,2024,2024/06/10,,lapidación,matorral / campo / pastizales / zona rural / arboleda / bosque,,,,historial de propensión a delitos anteriores,press,Caribe afirmativo; Centro de Apoyo a las Identidades Trans; Trans Lives Matter tdor.translivesmatter.info,,Tadó,Chocó,False,False
"Sudamérica, Latinoamérica y el Caribe::Colombia","Bucaramanga, Santander",-31.328854|-54.113438,mujer trans / trans femenina / trans femme / mujer transgénero,endosex,Desconocida,trabajadorx sexual,no es migrante,Colombia,Black,26 a 30,no,TDoR 2024,2024,2024/08/29,,tiroteo,autopista / circunvalación / carretera,2,organised hate group / gang,identidad de género / expresión de género,percepción de los testigos,press,Caribe afirmativo; Centro de Apoyo a las Identidades Trans; Trans Lives Matter tdor.translivesmatter.info,,Bucaramanga,Santander,False,False
"Sudamérica, Latinoamérica y el Caribe::Colombia","Sevilla, Valle del Cauca",4.2641326|-75.9345019,mujer trans / trans femenina / trans femme / mujer transgénero,endosex,Desconocida,trabajadorx sexual,no es migrante,Colombia,Black,,no,TDoR 2024,2023,2023/11/03,,apuñalamiento,residencia propia,1,conocido/a,otro,,press,Centro de Apoyo a las Identidades Trans; Trans Lives Matter tdor.translivesmatter.info,,Sevilla,Valle del Cauca,False,False
"Sudamérica, Latinoamérica y el Caribe::Colombia","Bogotá, Distrito Capital",4.6533816|-74.0836333,mujer trans / trans femenina / trans femme / mujer transgénero,endosex,Desconocida,activista / líder comunitarie,migrante interno / doméstico,Colombia,Black,31 a 40,no,TDoR 2024,2023,2023/12/14,,estrangulamiento / ahorcamiento,matorral / campo / pastizales / zona rural / arboleda / bosque,,,identidad de género / expresión de género,grado / tipo de violencia,press,Caribe afirmativo; Centro de Apoyo a las Identidades Trans; Trans Lives Matter tdor.translivesmatter.info,,Bogotá,Distrito Capital,False,False
"Sudamérica, Latinoamérica y el Caribe::Colombia","Maicao, La Guajira",11.3832584|-72.2500151,mujer trans / trans femenina / trans femme / mujer transgénero,endosex,Desconocida,peluquería / estilista / esteticista,migrante internacional,Venezuela,Black,41 a 50,no,TDoR 2024,2023,2023/12/22,,tiroteo,residencia propia,1,organised hate group / gang,identidad de género / expresión de género,grado / tipo de violencia,press,Centro de Apoyo a las Identidades Trans; Trans Lives Matter tdor.translivesmatter.info,,Maicao,La Guajira,False,False
"Sudamérica, Latinoamérica y el Caribe::Colombia",Montelibano,7.9800534|-75.4167198,mujer trans / trans femenina / trans femme / mujer transgénero,Intersexo,Desconocida,,no es migrante,Colombia,Black,31 a 40,no,TDoR 2024,2024,2024/01/13,,,,,,,,LGBTIQ group,Caribe afirmativo; Centro de Apoyo a las Identidades Trans; Trans Lives Matter tdor.translivesmatter.info,,Montelibano,,False,False
"Sudamérica, Latinoamérica y el Caribe::Colombia","Cali, Valle del Cauca",3.398212|-76.575703,mujer trans / trans femenina / trans femme / mujer transgénero,endosex,Desconocida,trabajadorx sexual,no es migrante,Colombia,Black,26 a 30,no,TDoR 2024,2024,2024/04/21,,tiroteo,hotel / motel / autocine,2,cliente de trabajo sexual,trabajo sexual,grado / tipo de violencia,LGBTIQ group,Caribe afirmativo; Centro de Apoyo a las Identidades Trans; Trans Lives Matter tdor.translivesmatter.info,,Cali,Valle del Cauca,False,False
"Sudamérica, Latinoamérica y el Caribe::Colombia","Pasto, Nariño",1.2140275|-77.2785096,mujer trans / trans femenina / trans femme / mujer transgénero,endosex,Desconocida,,no es migrante,Colombia,Black,,no,TDoR 2024,2024,2024/04/21,,otro,bar / restaurante / discoteca,,,identidad de género / expresión de género,,press,Centro de Apoyo a las Identidades Trans; Trans Lives Matter tdor.translivesmatter.info,,Pasto,Nariño,False,False
"Sudamérica, Latinoamérica y el Caribe::Colombia","Bogotá, Distrito Capital",4.6533816|-74.0836333,mujer trans / trans femenina / trans femme / mujer transgénero,endosex,Desconocida,activista / líder comunitarie,no es migrante,Colombia,Black,,no,TDoR 2024,2024,2024/04/21,,,,,,identidad de género / expresión de género,,LGBTIQ group,Caribe afirmativo; Centro de Apoyo a las Identidades Trans; Trans Lives Matter tdor.translivesmatter.info,,Bogotá,Distrito Capital,False,False
"Sudamérica, Latinoamérica y el Caribe::Colombia","Soledad, Atlántico",10.9149593|-74.7821054,mujer trans / trans femenina / trans femme / mujer transgénero,endosex,Desconocida,peluquería / estilista / esteticista,no es migrante,Colombia,Black,19 a 25,no,TDoR 2024,2024,2024/05/23,,tiroteo,otro,1,organised hate group / gang,,grado / tipo de violencia,press,Centro de Apoyo a las Identidades Trans; Trans Lives Matter tdor.translivesmatter.info,,Soledad,Atlántico,False,False
"Sudamérica, Latinoamérica y el Caribe::Colombia","Medellín, Antioquia",25.6572916|-100.155714405342,mujer trans / trans femenina / trans femme / mujer transgénero,endosex,Desconocida,,migrante internacional,Venezuela,Black,26 a 30,no,TDoR 2024,2024,2024/07/28,,apuñalamiento,parque / plaza pública / espacio / mercado / gasolinera,3,,identidad de género / expresión de género,grado / tipo de violencia,LGBTIQ group,Trans Lives Matter tdor.translivesmatter.info,,Medellín,Antioquia,False,False
"Sudamérica, Latinoamérica y el Caribe::Colombia","Cúcuta, Santander",7.8971458|-72.5080387,mujer trans / trans femenina / trans femme / mujer transgénero,endosex,Desconocida,,no es migrante,Colombia,Black,,no,TDoR 2024,2024,2024/09/25,,,calle,3,organised hate group / gang,identidad de género / expresión de género,historial de propensión a delitos anteriores,press,Caribe afirmativo; Centro de Apoyo a las Identidades Trans; Trans Lives Matter tdor.translivesmatter.info,,Cúcuta,Norte de Santander,False,False
"Sudamérica, Latinoamérica y el Caribe::Colombia","Santa Marta, Magdalena",11.2320944|-74.1950916,mujer trans / trans femenina / trans femme / mujer transgénero,endosex,Desconocida,,no es migrante,Colombia,Black,31 a 40,no,TDoR 2024,2023,2023/10/07,,tiroteo,calle,,organised hate group / gang,identidad de género / expresión de género,grado / tipo de violencia,press,Caribe afirmativo; Centro de Apoyo a las Identidades Trans; Red Sin Violencia LGBTI; Trans Lives Matter tdor.translivesmatter.info,,Santa Marta,Magdalena,False,False
"Sudamérica, Latinoamérica y el Caribe::Colombia","Sincelejo, Sucre",9.2973386|-75.3926601,mujer trans / trans femenina / trans femme / mujer transgénero,endosex,Desconocida,,no es migrante,Colombia,Black,,no,TDoR 2024,2023,2023/11/12,,tiroteo,calle,2,organised hate group / gang,identidad de género / expresión de género,grado / tipo de violencia,LGBTIQ group,Centro de Apoyo a las Identidades Trans; Red Sin Violencia LGBTI; Trans Lives Matter tdor.translivesmatter.info,,Sincelejo,Sucre,False,False
"Sudamérica, Latinoamérica y el Caribe::Colombia","Cali, Valle del Cauca",3.398212|-76.575703,mujer trans / trans femenina / trans femme / mujer transgénero,,Desconocida,,no es migrante,Colombia,Black,,no,TDoR 2024,2024,2024/02/28,,,calle,,,identidad de género / expresión de género,,press,Centro de Apoyo a las Identidades Trans; Trans Lives Matter tdor.translivesmatter.info,,Cali,Valle del Cauca,False,False
"Sudamérica, Latinoamérica y el Caribe::Colombia","Yumbo, Valle del Cauca",3.5834664|-76.4952223,mujer trans / trans femenina / trans femme / mujer transgénero,endosex,Desconocida,,no es migrante,Colombia,Black,,no,TDoR 2024,2024,2024/04/23,,,,,,identidad de género / expresión de género,,LGBTIQ group,Santamaría Fundación; Caribe afirmativo; Centro de Apoyo a las Identidades Trans; Trans Lives Matter tdor.translivesmatter.info,,Yumbo,Valle del Cauca,False,False
"Sudamérica, Latinoamérica y el Caribe::Colombia","Cartagena, Bolivar",10.4265566|-75.5441671,mujer trans / trans femenina / trans femme / mujer transgénero,endosex,Desconocida,,no es migrante,Colombia,Black,26 a 30,no,TDoR 2024,2024,2024/07/11,,tiroteo,calle,1,organised hate group / gang,,grado / tipo de violencia,press,Caribe afirmativo; Centro de Apoyo a las Identidades Trans; Trans Lives Matter tdor.translivesmatter.info,,Cartagena,Bolívar,False,False
"Sudamérica, Latinoamérica y el Caribe::Colombia","Medellín, Antioquia",6.2443382|-75.573553,mujer trans / trans femenina / trans femme / mujer transgénero,endosex,Desconocida,,migrante internacional,Venezuela,Black,26 a 30,no,TDoR 2024,2024,2024/07/29,,,playa / ribera / río / lago / bajo puente,,,,,press,Centro de Apoyo a las Identidades Trans; Trans Lives Matter tdor.translivesmatter.info,,Medellín,Antioquia,False,False
"Sudamérica, Latinoamérica y el Caribe::Colombia","Barranquilla, Atlántico",10.9938599|-74.7926118,mujer trans / trans femenina / trans femme / mujer transgénero,endosex,Desconocida,trabajadorx sexual,no es migrante,Colombia,Black,31 a 40,no,TDoR 2024,2024,2024/09/04,,tiroteo,calle,,organised hate group / gang,trabajo sexual,características del delincuente,press,Centro de Apoyo a las Identidades Trans; Trans Lives Matter tdor.translivesmatter.info,,Barranquilla,Atlántico,False,False
"Sudamérica, Latinoamérica y el Caribe::Colombia","Medellín, Antioquia",19.2437132|-103.744096,mujer trans / trans femenina / trans femme / mujer transgénero,endosex,Desconocida,activista / líder comunitarie,no es migrante,Colombia,Black,31 a 40,no,TDoR 2025,2024,2024/10/28,noche: 21:00 a 5:00,apuñalamiento,residencia de familiares / amigos / clientes,,,,diferencias entre sospechoso y víctima,press,Centro de Apoyo a las Identidades Trans,caso en investigación,Medellín,Antioquia,True,False
"Sudamérica, Latinoamérica y el Caribe::Colombia","Barrancabermeja, Santander",7.05080907|-73.84659079,hombre trans / trans masculino / hombre transgénero,endosex,Desconocida,camarera / camarero / cantinero(a),no es migrante,Colombia,Black,31 a 40,no,TDoR 2025,2025,2025/01/13,,tiroteo,bar / restaurante / discoteca,,organised hate group / gang,,características del delincuente,press,Centro de Apoyo a las Identidades Trans,caso en investigación,Barrancabermeja,Santander,True,False
"Sudamérica, Latinoamérica y el Caribe::Colombia","Hispania, Antioquia",5.79952886|-75.90790814,mujer trans / trans femenina / trans femme / mujer transgénero,endosex,Desconocida,,migrante interno / doméstico,Colombia,Black,,no,TDoR 2025,2025,2025/01/23,,tiroteo,matorral / campo / pastizales / zona rural / arboleda / bosque,,organised hate group / gang,,grado / tipo de violencia,press,Centro de Apoyo a las Identidades Trans,caso en investigación,Hispania,Antioquia,True,False
"Sudamérica, Latinoamérica y el Caribe::Colombia","Riohacha, La Guajira",11.2638513|-73.0122554,mujer trans / trans femenina / trans femme / mujer transgénero,endosex,Desconocida,,no es migrante,Colombia,Black,,no,TDoR 2025,2025,2025/02/04,,tiroteo,playa / ribera / río / lago / bajo puente,,,,grado / tipo de violencia,press,Centro de Apoyo a las Identidades Trans,caso en investigación,Riohacha,La Guajira,True,False
"Sudamérica, Latinoamérica y el Caribe::Colombia","Caucasia, Antioquia",7.9899496|-75.2068448,mujer trans / trans femenina / trans femme / mujer transgénero,,Desconocida,,no es migrante,Colombia,Black,26 a 30,no,TDoR 2025,2025,2025/03/01,noche: 21:00 a 5:00,tiroteo,residencia propia,1,,,grado / tipo de violencia,press,Centro de Apoyo a las Identidades Trans,caso en investigación,Caucasia,Antioquia,True,False
"Sudamérica, Latinoamérica y el Caribe::Colombia","Rebolo, Barranquilla",10.96854|-74.78132,mujer trans / trans femenina / trans femme / mujer transgénero,endosex,Desconocida,activista / líder comunitarie,no es migrante,Colombia,Black,,no,TDoR 2025,2025,2025/09/17,noche: 21:00 a 5:00,paliza,,,,,grado / tipo de violencia,press,Centro de Apoyo a las Identidades Trans,caso en investigación,Rebolo,Barranquilla,True,False
"Sudamérica, Latinoamérica y el Caribe::Colombia","Popayan, Cauca",2.43823|-76.61316,mujer trans / trans femenina / trans femme / mujer transgénero,endosex,Desconocida,otro,no es migrante,Colombia,Black,,no,TDoR 2025,2025,2025/09/22,noche: 21:00 a 5:00,tiroteo,calle,,policía / militar / ejército,,,press,Centro de Apoyo a las Identidades Trans,caso en investigación,Popayán,Cauca,True,False
"Sudamérica, Latinoamérica y el Caribe::Colombia","Pereira, Risalda",4.82097965|-75.6976749,hombre trans / trans masculino / hombre transgénero,endosex,Desconocida,,no es migrante,Colombia,Black,31 a 40,no,TDoR 2025,2024,2024/10/25,,apuñalamiento,playa / ribera / río / lago / bajo puente,,,,grado / tipo de violencia,press,Centro de Apoyo a las Identidades Trans,caso en investigación,Pereira,Risaralda,True,False
"Sudamérica, Latinoamérica y el Caribe::Colombia","Manizales, Caldas",5.0709535|-75.5210265,mujer trans / trans femenina / trans femme / mujer transgénero,endosex,Desconocida,trabajadorx sexual,no es migrante,Colombia,,,,TDoR 2025,2024,2024/11/16,tarde: 12:00 a 17:00,apuñalamiento,calle,1,cliente de trabajo sexual,identidad de género / expresión de género,diferencias entre sospechoso y víctima,press,Trans Lives Matter tdor.translivesmatter.info,sospechoso detenido,Manizales,Caldas,True,False
"Sudamérica, Latinoamérica y el Caribe::Colombia","Medellín, Antioquia",6.3076739|-75.5563474,mujer trans / trans femenina / trans femme / mujer transgénero,endosex,Heterosexual,peluquería / estilista / esteticista,no es migrante,Colombia,Black,41 a 50,no,TDoR 2025,2024,2024/12/31,noche: 21:00 a 5:00,apuñalamiento,peluquería / salón de belleza,,conocido/a,,grado / tipo de violencia,press,Centro de Apoyo a las Identidades Trans,autor acusado,Medellín,Antioquia,True,False
"Sudamérica, Latinoamérica y el Caribe::Colombia","Medellín, Antioquia",6.252732|-75.5610896,mujer trans / trans femenina / trans femme / mujer transgénero,,Desconocida,trabajadorx sexual,no es migrante,Colombia,Black,31 a 40,no,TDoR 2025,2025,2025/03/04,,tortura,residencia de familiares / amigos / clientes,1,cliente de trabajo sexual,trabajo sexual,grado / tipo de violencia,press,Centro de Apoyo a las Identidades Trans,sospechoso identificado,Medellín,Antioquia,True,False
"Sudamérica, Latinoamérica y el Caribe::Colombia","Andes, Antioquia",5.7011523|-75.967536,mujer trans / trans femenina / trans femme / mujer transgénero,,Desconocida,,,Colombia,Black,,,TDoR 2025,2025,2025/03/24,,decapitación / desmembramiento,matorral / campo / pastizales / zona rural / arboleda / bosque,,,,grado / tipo de violencia,press,Centro de Apoyo a las Identidades Trans,caso en investigación,Andes,Antioquia,True,False
"Sudamérica, Latinoamérica y el Caribe::Colombia","Armenia, Quindio",4.5423559|-75.7217497,mujer trans / trans femenina / trans femme / mujer transgénero,endosex,Desconocida,trabajadorx sexual,no es migrante,Colombia,Black,31 a 40,,TDoR 2025,2025,2025/03/31,noche: 21:00 a 5:00,asfixia / inhalación de humo / asfixia,hotel / motel / autocine,1,cliente de trabajo sexual,trabajo sexual,,press,Centro de Apoyo a las Identidades Trans,autor detenido,Armenia,Quindío,True,False
"Sudamérica, Latinoamérica y el Caribe::Colombia","Bello, Antioquia",6.34198374|-75.56708701,mujer trans / trans femenina / trans femme / mujer transgénero,endosex,Desconocida,,no es migrante,Colombia,Black,31 a 40,no,TDoR 2025,2025,2025/04/05,,paliza,otro,5,organised hate group / gang,identidad de género / expresión de género,grado / tipo de violencia,press,Centro de Apoyo a las Identidades Trans,autor detenido,Bello,Antioquia,True,False
"Sudamérica, Latinoamérica y el Caribe::Colombia","Medellín, Antioquia",6.26657361|-75.56509671,otro,endosex,Other,,no es migrante,Colombia,Black,61 a 70,no,TDoR 2025,2025,2025/04/21,,paliza,residencia propia,1,amigo/a,,grado / tipo de violencia,press,Centro de Apoyo a las Identidades Trans,autor detenido,Medellín,Antioquia,True,False
"Sudamérica, Latinoamérica y el Caribe::Colombia","La Unión, Valle del Cauca",4.5335108|-76.1139162,mujer trans / trans femenina / trans femme / mujer transgénero,endosex,Desconocida,,no es migrante,Colombia,Black,19 a 25,no,TDoR 2025,2025,2025/05/19,noche: 17:00 a 21:00,tiroteo,autopista / circunvalación / carretera,2,organised hate group / gang,,grado / tipo de violencia,press,Centro de Apoyo a las Identidades Trans,caso en investigación,La Unión,Valle del Cauca,True,False
"Sudamérica, Latinoamérica y el Caribe::Colombia","San Jacinto, Bolivar",9.8298258|-75.1597871,mujer trans / trans femenina / trans femme / mujer transgénero,endosex,Heterosexual,activista / líder comunitarie,no es migrante,Colombia,Other racialised,26 a 30,no,TDoR 2025,2025,2025/05/22,noche: 21:00 a 5:00,apuñalamiento,calle,,,trabajo sexual,grupos de odio organizados,press,Centro de Apoyo a las Identidades Trans,caso en investigación,San Jacinto,Bolívar,True,False
"Sudamérica, Latinoamérica y el Caribe::Colombia","Riohacha, La Guajira",11.5489466|-72.9209256,mujer trans / trans femenina / trans femme / mujer transgénero,endosex,Desconocida,,no es migrante,Colombia,Black,31 a 40,no,TDoR 2025,2025,2025/06/16,tarde: 12:00 a 17:00,tiroteo,otro,1,organised hate group / gang,,grado / tipo de violencia,press,Centro de Apoyo a las Identidades Trans,caso en investigación,Riohacha,La Guajira,True,False
"Sudamérica, Latinoamérica y el Caribe::Colombia","Medellín, Antioquia",6.2507149|-75.5496097,hombre trans / trans masculino / hombre transgénero,endosex,Desconocida,,no es migrante,Colombia,Black,41 a 50,no,TDoR 2025,2025,2025/07/29,,apuñalamiento,residencia propia,2,conocido/a,,grado / tipo de violencia,press,Centro de Apoyo a las Identidades Trans,autor acusado,Medellín,Antioquia,True,False
"Sudamérica, Latinoamérica y el Caribe::Colombia","Cali, Valle de Cauca",3.43054|-76.5199,mujer trans / trans femenina / trans femme / mujer transgénero,endosex,Desconocida,,no es migrante,Colombia,Black,,no,TDoR 2025,2025,2025/08/04,,,,,,,,press,Centro de Apoyo a las Identidades Trans,caso en investigación,Cali,Valle del Cauca,True,False
"Sudamérica, Latinoamérica y el Caribe::Colombia","Santa Marta, Magdalena",11.23855|-74.19427,mujer trans / trans femenina / trans femme / mujer transgénero,endosex,Desconocida,artista / intérprete,no es migrante,Colombia,Black,,no,TDoR 2025,2025,2025/09/10,,otro,hotel / motel / autocine,,,,,press,Centro de Apoyo a las Identidades Trans,caso en investigación,Santa Marta,Magdalena,True,False
"Sudamérica, Latinoamérica y el Caribe::Colombia","Cali, Valle del Cauca",3.398212|-76.575703,mujer trans / trans femenina / trans femme / mujer transgénero,endosex,Desconocida,peluquería / estilista / esteticista,no es migrante,Colombia,,,,TDoR 2025,2025,2025/09/26,,,,,,,,LGBTIQ group,Caribe afirmativo,,Cali,Valle del Cauca,False,False
"Sudamérica, Latinoamérica y el Caribe::Colombia","Caldas, Antioquia",-14.6386354|-39.5532387,mujer trans / trans femenina / trans femme / mujer transgénero,endosex,Desconocida,activista / líder comunitarie,no es migrante,Colombia,Black,61 a 70,no,TDoR 2025,2024,2024/10/20,,apuñalamiento,residencia propia,,,,grado / tipo de violencia,press,Centro de Apoyo a las Identidades Trans,caso en investigación,Caldas,Antioquia,True,False
"Sudamérica, Latinoamérica y el Caribe::Colombia","Buenaventura, Valle del Cauca",3.88062828|-77.01839692,mujer trans / trans femenina / trans femme / mujer transgénero,endosex,Desconocida,activista / líder comunitarie,no es migrante,Colombia,Black,,no,TDoR 2025,2025,2025/06/24,tarde: 12:00 a 17:00,,calle,,,identidad de género / expresión de género,grado / tipo de violencia,press,Centro de Apoyo a las Identidades Trans,caso en investigación,Buenaventura,Valle del Cauca,True,False
"Sudamérica, Latinoamérica y el Caribe::Colombia","Tulua, Valle de Cauca",4.08466|-76.19536,mujer trans / trans femenina / trans femme / mujer transgénero,endosex,Desconocida,,no es migrante,Colombia,Black,,no,TDoR 2025,2025,2025/09/28,noche: 21:00 a 5:00,tiroteo,autopista / circunvalación / carretera,,organised hate group / gang,,grado / tipo de violencia,press,Centro de Apoyo a las Identidades Trans,caso en investigación,Tulua,Valle del Cauca,True,False
"Sudamérica, Latinoamérica y el Caribe::Colombia","Cajicá, Cundinamarca",25.1034427|85.7247917,mujer trans / trans femenina / trans femme / mujer transgénero,endosex,Desconocida,,no es migrante,Colombia,Black,,no,TDoR 2025,2025,2025/01/09,mañana: 5:00 a 12:00,,residencia propia,,otro,otro,percepción de los testigos,press,Centro de Apoyo a las Identidades Trans,caso en investigación,Cajicá,Cundinamarca,True,False
"Sudamérica, Latinoamérica y el Caribe::Colombia","Cúcuta, Santander",7.9090863|-72.5228748,mujer trans / trans femenina / trans femme / mujer transgénero,endosex,Desconocida,trabajadorx sexual,no es migrante,Colombia,Black,31 a 40,no,TDoR 2025,2025,2025/01/11,,tiroteo,residencia de familiares / amigos / clientes,,,trabajo sexual,grupos de odio organizados,press,Centro de Apoyo a las Identidades Trans,caso en investigación,Cúcuta,Norte de Santander,True,False
"Sudamérica, Latinoamérica y el Caribe::Colombia","Dabeiba, Antioquia",6.9973952|-76.2734158,mujer trans / trans femenina / trans femme / mujer transgénero,endosex,Desconocida,empleado / funcionario público / empleado,no es migrante,Colombia,Other racialised,,no,TDoR 2025,2025,2025/07/25,,apuñalamiento,matorral / campo / pastizales / zona rural / arboleda / bosque,,,,grado / tipo de violencia,press,Centro de Apoyo a las Identidades Trans,caso en investigación,Dabeiba,Antioquia,True,False
"Sudamérica, Latinoamérica y el Caribe::Colombia","Palmira, Valle del Cauca",3.53944|-76.30361,hombre trans / trans masculino / hombre transgénero,endosex,Desconocida,,no es migrante,Colombia,Black,,no,TDoR 2025,2025,2025/09/19,,,prisión / estación de policía / campamento militar / juzgado,,policía / militar / ejército,,,press,Centro de Apoyo a las Identidades Trans; Caribe afirmativo,caso en investigación,Palmira,Valle del Cauca,True,False
